{
  "C07CA": "Beta blocking agents, non-selective, and other diuretics", 
  "C07CB": "Beta blocking agents, selective, and other diuretics", 
  "V06DB": "Fat/carbohydrates/proteins/minerals/vitamins, combinations", 
  "B05DB": "Hypertonic solutions", 
  "D04A": "ANTIPRURITICS, INCL. ANTIHISTAMINES, ANESTHETICS, ETC.", 
  "B05DA": "Isotonic solutions", 
  "G01BE": "Sulfonamides and corticosteroids", 
  "D01AC": "Imidazole and triazole derivatives", 
  "D07AA": "Corticosteroids, weak (group I)", 
  "G01BF": "Imidazole derivatives and corticosteroids", 
  "G01BA": "Antibiotics and corticosteroids", 
  "G01BC": "Quinoline derivatives and corticosteroids", 
  "A02AD": "Combinations and complexes of aluminium, calcium and magnesium compounds", 
  "A01AD": "Other agents for local oral treatment", 
  "A11DA": "Vitamin B1, plain", 
  "H02CA": "Anticorticosteroids", 
  "V09X": "OTHER DIAGNOSTIC RADIOPHARMACEUTICALS", 
  "S02BA": "Corticosteroids", 
  "V08BA": "Barium sulfate containing X-ray contrast media", 
  "B06AB": "Other hem products", 
  "S01HA": "Local anesthetics", 
  "M02AX": "Other topical products for joint and muscular pain", 
  "L01BB": "Purine analogues", 
  "L01BC": "Pyrimidine analogues", 
  "R07A": "OTHER RESPIRATORY SYSTEM PRODUCTS", 
  "L01BA": "Folic acid analogues", 
  "J01D": "OTHER BETA-LACTAM ANTIBACTERIALS", 
  "C02DG": "Guanidine derivatives", 
  "M05BC": "Bone morphogenetic proteins", 
  "M05BB": "Bisphosphonates, combinations", 
  "M05BA": "Bisphosphonates", 
  "J01MB": "Other quinolones", 
  "C07DA": "Beta blocking agents, non-selective, thiazides and other diuretics", 
  "J01R": "COMBINATIONS OF ANTIBACTERIALS", 
  "C07DB": "Beta blocking agents, selective, thiazides and other diuretics", 
  "N07CA": "Antivertigo preparations", 
  "D07BD": "Corticosteroids, very potent, combinations with antiseptics", 
  "M01BX": "Other antiinflammatory/antirheumatic agents in combination with other drugs", 
  "D03": "PREPARATIONS FOR TREATMENT OF WOUNDS AND ULCERS", 
  "G03EA": "Androgens and estrogens", 
  "C05BA": "Heparins or heparinoids for topical use", 
  "R07AB": "Respiratory stimulants", 
  "R07AA": "Lung surfactants", 
  "C05BB": "Sclerosing agents for local injection", 
  "N05AE": "Indole derivatives", 
  "N05AD": "Butyrophenone derivatives", 
  "N05AG": "Diphenylbutylpiperidine derivatives", 
  "D03B": "ENZYMES", 
  "N05AA": "Phenothiazines with aliphatic side-chain", 
  "C05BX": "Other sclerosing agents", 
  "N05AC": "Phenothiazines with piperidine structure", 
  "N05AB": "Phenothiazines with piperazine structure", 
  "N05AL": "Benzamides", 
  "N05AN": "Lithium", 
  "H04A": "GLYCOGENOLYTIC HORMONES", 
  "N05AH": "Diazepines, oxazepines, thiazepines and oxepines", 
  "C09X": "OTHER AGENTS ACTING ON THE RENIN-ANGIOTENSIN SYSTEM", 
  "J05": "ANTIVIRALS FOR SYSTEMIC USE", 
  "N02CA": "Ergot alkaloids", 
  "N02CB": "Corticosteroid derivatives", 
  "N02CC": "Selective serotonin (5HT1) agonists", 
  "D07AB": "Corticosteroids, moderately potent (group II)", 
  "A11J": "OTHER VITAMIN PRODUCTS, COMBINATIONS", 
  "C02LG": "Hydrazinophthalazine derivatives and diuretics", 
  "S01CB": "Corticosteroids/antiinfectives/mydriatics in combination", 
  "V03A": "ALL OTHER THERAPEUTIC PRODUCTS", 
  "J07X": "OTHER VACCINES", 
  "A01AB": "Antiinfectives and antiseptics for local oral treatment", 
  "N06A": "ANTIDEPRESSANTS", 
  "N06B": "PSYCHOSTIMULANTS, AGENTS USED FOR ADHD AND NOOTROPICS", 
  "A01AA": "Caries prophylactic agents", 
  "J01ED": "Long-acting sulfonamides", 
  "J07B": "VIRAL VACCINES", 
  "J07A": "BACTERIAL VACCINES", 
  "S01CA": "Corticosteroids and antiinfectives in combination", 
  "N02CX": "Other antimigraine preparations", 
  "C09AA": "ACE inhibitors, plain", 
  "R05DB": "Other cough suppressants", 
  "S03A": "ANTIINFECTIVES", 
  "S03B": "CORTICOSTEROIDS", 
  "S03C": "CORTICOSTEROIDS AND ANTIINFECTIVES IN COMBINATION", 
  "M01CX": "Other specific antirheumatic agents", 
  "V03AN": "Medical gases", 
  "V03AM": "Drugs for embolisation", 
  "A05C": "DRUGS FOR BILE THERAPY AND LIPOTROPICS IN COMBINATION", 
  "V03AK": "Tissue adhesives", 
  "V03AH": "Drugs for treatment of hypoglycemia", 
  "V03AG": "Drugs for treatment of hypercalcemia", 
  "A12CA": "Sodium", 
  "A12CB": "Zinc", 
  "A12CC": "Magnesium", 
  "V03AC": "Iron chelating agents", 
  "V03AB": "Antidotes", 
  "A12CX": "Other mineral products", 
  "A11ED": "Vitamin B-complex with anabolic steroids", 
  "A11EA": "Vitamin B-complex, plain", 
  "V03AZ": "Nerve depressants", 
  "A11EC": "Vitamin B-complex with minerals", 
  "A11EB": "Vitamin B-complex with vitamin C", 
  "J01EA": "Trimethoprim and derivatives", 
  "M01CA": "Quinolines", 
  "M01CB": "Gold preparations", 
  "J01EB": "Short-acting sulfonamides", 
  "J01EE": "Combinations of sulfonamides and trimethoprim, incl. derivatives", 
  "L04A": "IMMUNOSUPPRESSANTS", 
  "R05FB": "Other cough suppressants and expectorants", 
  "D05B": "ANTIPSORIATICS FOR SYSTEMIC USE", 
  "H05B": "ANTI-PARATHYROID AGENTS", 
  "H05A": "PARATHYROID HORMONES AND ANALOGUES", 
  "J06AA": "Immune sera", 
  "G": "GENITO URINARY SYSTEM AND SEX HORMONES", 
  "R03DA": "Xanthines", 
  "A07EA": "Corticosteroids acting locally", 
  "A07EB": "Antiallergic agents, excl. corticosteroids", 
  "A02B": "DRUGS FOR PEPTIC ULCER AND GASTRO-OESOPHAGEAL REFLUX DISEASE (GORD)", 
  "A14AB": "Estren derivatives", 
  "N02AA": "Natural opium alkaloids", 
  "N05": "PSYCHOLEPTICS", 
  "N04": "ANTI-PARKINSON DRUGS", 
  "N07": "OTHER NERVOUS SYSTEM DRUGS", 
  "N06": "PSYCHOANALEPTICS", 
  "N01": "ANESTHETICS", 
  "N03": "ANTIEPILEPTICS", 
  "N02": "ANALGESICS", 
  "R06AB": "Substituted alkylamines", 
  "R06AC": "Substituted ethylene diamines", 
  "G03CB": "Synthetic estrogens, plain", 
  "R06AA": "Aminoalkyl ethers", 
  "R06AD": "Phenothiazine derivatives", 
  "R06AE": "Piperazine derivatives", 
  "N04AA": "Tertiary amines", 
  "N04AB": "Ethers chemically close to antihistamines", 
  "N04AC": "Ethers of tropine or tropine derivatives", 
  "A10BX": "Other blood glucose lowering drugs, excl. insulins", 
  "J07BJ": "Rubella vaccines", 
  "J07BK": "Varicella zoster vaccines", 
  "A10BG": "Thiazolidinediones", 
  "A10BF": "Alpha glucosidase inhibitors", 
  "A10BA": "Biguanides", 
  "C09XA": "Renin-inhibitors", 
  "A10BC": "Sulfonamides (heterocyclic)", 
  "J07BM": "Papillomavirus vaccines", 
  "M09AB": "Enzymes", 
  "H03A": "THYROID PREPARATIONS", 
  "R06AX": "Other antihistamines for systemic use", 
  "J07BA": "Encephalitis vaccines", 
  "J07BF": "Poliomyelitis vaccines", 
  "J07BG": "Rabies vaccines", 
  "J07BD": "Measles vaccines", 
  "J07BE": "Mumps vaccines", 
  "C02LK": "Alkaloids, excl. rauwolfia, in combination with diuretics", 
  "A11BA": "Multivitamins, plain", 
  "D01BA": "Antifungals for systemic use", 
  "M03BA": "Carbamic acid esters", 
  "M03BC": "Ethers, chemically close to antihistamines", 
  "D06BX": "Other chemotherapeutics", 
  "L03A": "IMMUNOSTIMULANTS", 
  "C01AA": "Digitalis glycosides", 
  "C01AB": "Scilla glycosides", 
  "C01AC": "Strophantus glycosides", 
  "A07A": "INTESTINAL ANTIINFECTIVES", 
  "B05AX": "Other blood products", 
  "V06AA": "Low-energy diets", 
  "C08DB": "Benzothiazepine derivatives", 
  "C08DA": "Phenylalkylamine derivatives", 
  "G03DA": "Pregnen (4) derivatives", 
  "G03DC": "Estren derivatives", 
  "G03DB": "Pregnadien derivatives", 
  "D10AA": "Corticosteroids, combinations for treatment of acne", 
  "H05BX": "Other anti-parathyroid agents", 
  "D10AB": "Preparations containing sulfur", 
  "D10AE": "Peroxides", 
  "D10AD": "Retinoids for topical use in acne", 
  "D10AF": "Antiinfectives for treatment of acne", 
  "J04AK": "Other drugs for treatment of tuberculosis", 
  "M05BX": "Other drugs affecting bone structure and mineralization", 
  "N07XX": "Other nervous system drugs", 
  "C07AB": "Beta blocking agents, selective", 
  "H01AC": "Somatropin and somatropin agonists", 
  "H01AB": "Thyrotropin", 
  "H01AA": "ACTH", 
  "C09DX": "Angiotensin II antagonists, other combinations", 
  "C02BA": "Sulfonium derivatives", 
  "V07AV": "Technical disinfectants", 
  "N07XA": "Gangliosides and ganglioside derivatives", 
  "V04B": "URINE TESTS", 
  "V04C": "OTHER DIAGNOSTIC AGENTS", 
  "V09DB": "Technetium (99mTc), particles and colloids", 
  "P01CX": "Other agents against leishmaniasis and trypanosomiasis", 
  "J01BA": "Amphenicols", 
  "P01CD": "Arsenic compounds", 
  "P01CA": "Nitroimidazole derivatives", 
  "P01CC": "Nitrofuran derivatives", 
  "P01CB": "Antimony compounds", 
  "G02AX": "Other oxytocics", 
  "L02AE": "Gonadotropin releasing hormone analogues", 
  "B01AC": "Platelet aggregation inhibitors excl. heparin", 
  "S01EA": "Sympathomimetics in glaucoma therapy", 
  "C03EB": "High-ceiling diuretics and potassium-sparing agents", 
  "R05DA": "Opium alkaloids and derivatives", 
  "D04AB": "Anesthetics for topical use", 
  "P03AA": "Sulfur containing products", 
  "J01XX": "Other antibacterials", 
  "P03AC": "Pyrethrines, incl. synthetic compounds", 
  "P03AB": "Chlorine containing products", 
  "C03EA": "Low-ceiling diuretics and potassium-sparing agents", 
  "N06DX": "Other anti-dementia drugs", 
  "P02BA": "Quinoline derivatives and related substances", 
  "V": "VARIOUS", 
  "J06BC": "Other immunoglobulins", 
  "A07BA": "Charcoal preparations", 
  "A07BC": "Other intestinal adsorbents", 
  "A07BB": "Bismuth preparations", 
  "D11AX": "Other dermatologicals", 
  "V04CL": "Tests for allergic diseases", 
  "G03A": "HORMONAL CONTRACEPTIVES FOR SYSTEMIC USE", 
  "V09FX": "Various thyroid diagnostic radiopharmaceuticals", 
  "S02AA": "Antiinfectives", 
  "M03A": "MUSCLE RELAXANTS, PERIPHERALLY ACTING AGENTS", 
  "A12AX": "Calcium, combinations with vitamin D and/or other drugs", 
  "N02A": "OPIOIDS", 
  "N02B": "OTHER ANALGESICS AND ANTIPYRETICS", 
  "N02C": "ANTIMIGRAINE PREPARATIONS", 
  "D11AH": "Agents for dermatitis, excluding corticosteroids", 
  "V04CC": "Tests for bile duct patency", 
  "D11AE": "Androgens for topical use", 
  "D11AF": "Wart and anti-corn preparations", 
  "B01A": "ANTITHROMBOTIC AGENTS", 
  "D11AA": "Antihidrotics", 
  "A03E": "ANTISPASMODICS AND ANTICHOLINERGICS IN COMBINATION WITH OTHER DRUGS", 
  "D11AC": "Medicated shampoos", 
  "N04BA": "Dopa and dopa derivatives", 
  "N04BC": "Dopamine agonists", 
  "N04BB": "Adamantane derivatives", 
  "N04BD": "Monoamine oxidase B inhibitors", 
  "G03X": "OTHER SEX HORMONES AND MODULATORS OF THE GENITAL SYSTEM", 
  "V04CF": "Tuberculosis diagnostics", 
  "D02A": "EMOLLIENTS AND PROTECTIVES", 
  "A11AA": "Multivitamins with minerals", 
  "G03B": "ANDROGENS", 
  "G03C": "ESTROGENS", 
  "G03D": "PROGESTOGENS", 
  "A07EC": "Aminosalicylic acid and similar agents", 
  "G03F": "PROGESTOGENS AND ESTROGENS IN COMBINATION", 
  "G03G": "GONADOTROPINS AND OTHER OVULATION STIMULANTS", 
  "G03H": "ANTIANDROGENS", 
  "N04BX": "Other dopaminergic agents", 
  "A11AB": "Multivitamins, other combinations", 
  "R03AC": "Selective beta-2-adrenoreceptor agonists", 
  "V04": "DIAGNOSTIC AGENTS", 
  "R03AA": "Alpha- and beta-adrenoreceptor agonists", 
  "V06": "GENERAL NUTRIENTS", 
  "V01": "ALLERGENS", 
  "C01BD": "Antiarrhythmics, class III", 
  "V03": "ALL OTHER THERAPEUTIC PRODUCTS", 
  "R03AK": "Adrenergics and other drugs for obstructive airway diseases", 
  "V09HB": "Indium (111In) compounds", 
  "R03AH": "Combinations of adrenergics", 
  "V09": "DIAGNOSTIC RADIOPHARMACEUTICALS", 
  "V08": "CONTRAST MEDIA", 
  "A11B": "MULTIVITAMINS, PLAIN", 
  "V07AS": "Stomi equipment", 
  "P02CB": "Piperazine and derivatives", 
  "P02CC": "Tetrahydropyrimidine derivatives", 
  "G02CC": "Antiinflammatory products for vaginal administration", 
  "G02CB": "Prolactine inhibitors", 
  "P02CF": "Avermectines", 
  "P02CE": "Imidazothiazole derivatives", 
  "A": "ALIMENTARY TRACT AND METABOLISM", 
  "C01BA": "Antiarrhythmics, class Ia", 
  "C09DB": "Angiotensin II antagonists and calcium channel blockers", 
  "A06AX": "Other drugs for constipation", 
  "P01AR": "Arsenic compounds", 
  "C07EA": "Beta blocking agents, non-selective, and vasodilators", 
  "V07": "ALL OTHER NON-THERAPEUTIC PRODUCTS", 
  "N05AX": "Other antipsychotics", 
  "A04AA": "Serotonin (5HT3) antagonists", 
  "C01BB": "Antiarrhythmics, class Ib", 
  "P01C": "AGENTS AGAINST LEISHMANIASIS AND TRYPANOSOMIASIS", 
  "P01B": "ANTIMALARIALS", 
  "P01A": "AGENTS AGAINST AMOEBIASIS AND OTHER PROTOZOAL DISEASES", 
  "A11JA": "Combinations of vitamins", 
  "V07AY": "Other non-therapeutic auxiliary products", 
  "D03A": "CICATRIZANTS", 
  "A08": "ANTIOBESITY PREPARATIONS, EXCL. DIET PRODUCTS", 
  "V07AX": "Washing agents etc.", 
  "C01BG": "Other antiarrhythmics, class I and III", 
  "P": "ANTIPARASITIC PRODUCTS, INSECTICIDES AND REPELLENTS", 
  "A02": "DRUGS FOR ACID RELATED DISORDERS", 
  "A03": "DRUGS FOR FUNCTIONAL GASTROINTESTINAL DISORDERS", 
  "V10AA": "Yttrium (90Y) compounds", 
  "A01": "STOMATOLOGICAL PREPARATIONS", 
  "A06": "DRUGS FOR CONSTIPATION", 
  "A07": "ANTIDIARRHEALS, INTESTINAL ANTIINFLAMMATORY/ANTIINFECTIVE AGENTS", 
  "A04": "ANTIEMETICS AND ANTINAUSEANTS", 
  "S03AA": "Antiinfectives", 
  "N05AF": "Thioxanthene derivatives", 
  "J05AX": "Other antivirals", 
  "C07CG": "Alpha and beta blocking agents and other diuretics", 
  "C08CA": "Dihydropyridine derivatives", 
  "B05A": "BLOOD AND RELATED PRODUCTS", 
  "B05C": "IRRIGATING SOLUTIONS", 
  "B05B": "I.V. SOLUTIONS", 
  "D08AA": "Acridine derivatives", 
  "B05D": "PERITONEAL DIALYTICS", 
  "H01A": "ANTERIOR PITUITARY LOBE HORMONES AND ANALOGUES", 
  "D04AA": "Antihistamines for topical use", 
  "A08AX": "Other antiobesity drugs", 
  "R07AX": "Other respiratory system products", 
  "C05CA": "Bioflavonoids", 
  "A03AA": "Synthetic anticholinergics, esters with tertiary amino group", 
  "C05CX": "Other capillary stabilizing agents", 
  "B05X": "I.V. SOLUTION ADDITIVES", 
  "B05Z": "HEMODIALYTICS AND HEMOFILTRATES", 
  "D04AX": "Other antipruritics", 
  "A06AA": "Softeners, emollients", 
  "J05AA": "Thiosemicarbazones", 
  "A06AC": "Bulk-forming laxatives", 
  "A06AB": "Contact laxatives", 
  "R02AB": "Antibiotics", 
  "A06AD": "Osmotically acting laxatives", 
  "A06AG": "Enemas", 
  "R02AA": "Antiseptics", 
  "B01AE": "Direct thrombin inhibitors", 
  "B01AD": "Enzymes", 
  "B01AF": "Direct factor Xa inhibitors", 
  "N07C": "ANTIVERTIGO PREPARATIONS", 
  "M04": "ANTIGOUT PREPARATIONS", 
  "N07A": "PARASYMPATHOMIMETICS", 
  "R06": "ANTIHISTAMINES FOR SYSTEMIC USE", 
  "S01BB": "Corticosteroids and mydriatics in combination", 
  "P02CX": "Other antinematodals", 
  "B02A": "ANTIFIBRINOLYTICS", 
  "B02B": "VITAMIN K AND OTHER HEMOSTATICS", 
  "N07X": "OTHER NERVOUS SYSTEM DRUGS", 
  "M02": "TOPICAL PRODUCTS FOR JOINT AND MUSCULAR PAIN", 
  "S02D": "OTHER OTOLOGICALS", 
  "S02C": "CORTICOSTEROIDS AND ANTIINFECTIVES IN COMBINATION", 
  "S02B": "CORTICOSTEROIDS", 
  "S02A": "ANTIINFECTIVES", 
  "J05AD": "Phosphonic acid derivatives", 
  "R01": "NASAL PREPARATIONS", 
  "C03E": "DIURETICS AND POTASSIUM-SPARING AGENTS IN COMBINATION", 
  "C10BX": "HMG CoA reductase inhibitors, other combinations", 
  "N06CA": "Antidepressants in combination with psycholeptics", 
  "N06CB": "Psychostimulants in combination with psycholeptics", 
  "C01B": "ANTIARRHYTHMICS, CLASS I AND III", 
  "C01C": "CARDIAC STIMULANTS EXCL. CARDIAC GLYCOSIDES", 
  "L04AD": "Calcineurin inhibitors", 
  "L04": "IMMUNOSUPPRESSANTS", 
  "L03": "IMMUNOSTIMULANTS", 
  "L02": "ENDOCRINE THERAPY", 
  "L01": "ANTINEOPLASTIC AGENTS", 
  "C01E": "OTHER CARDIAC PREPARATIONS", 
  "A11EX": "Vitamin B-complex, other combinations", 
  "G02CA": "Sympathomimetics, labour repressants", 
  "V08A": "X-RAY CONTRAST MEDIA, IODINATED", 
  "A03A": "DRUGS FOR FUNCTIONAL GASTROINTESTINAL DISORDERS", 
  "L04AX": "Other immunosuppressants", 
  "H02B": "CORTICOSTEROIDS FOR SYSTEMIC USE, COMBINATIONS", 
  "H02C": "ANTIADRENAL PREPARATIONS", 
  "V09GA": "Technetium (99mTc) compounds", 
  "H02A": "CORTICOSTEROIDS FOR SYSTEMIC USE, PLAIN", 
  "H05": "CALCIUM HOMEOSTASIS", 
  "C03CD": "Pyrazolone derivatives", 
  "P02CA": "Benzimidazole derivatives", 
  "G04BX": "Other urologicals", 
  "C03CA": "Sulfonamides, plain", 
  "C03CB": "Sulfonamides and potassium in combination", 
  "C03CC": "Aryloxyacetic acid derivatives", 
  "A13A": "TONICS", 
  "L01D": "CYTOTOXIC ANTIBIOTICS AND RELATED SUBSTANCES", 
  "S01EC": "Carbonic anhydrase inhibitors", 
  "S01LA": "Antineovascularisation agents", 
  "A09": "DIGESTIVES, INCL. ENZYMES", 
  "A03ED": "Antispasmodics in combination with other drugs", 
  "N06D": "ANTI-DEMENTIA DRUGS", 
  "A04AD": "Other antiemetics", 
  "A03EA": "Antispasmodics, psycholeptics and analgesics in combination", 
  "C08E": "NON-SELECTIVE CALCIUM CHANNEL BLOCKERS", 
  "G04BE": "Drugs used in erectile dysfunction", 
  "C08G": "CALCIUM CHANNEL BLOCKERS AND DIURETICS", 
  "J02AB": "Imidazole derivatives", 
  "G04BA": "Acidifiers", 
  "C08C": "SELECTIVE CALCIUM CHANNEL BLOCKERS WITH MAINLY VASCULAR EFFECTS", 
  "J02AA": "Antibiotics", 
  "B03AE": "Iron in other combinations", 
  "C08CX": "Other selective calcium channel blockers with mainly vascular effects", 
  "A01AC": "Corticosteroids for local oral treatment", 
  "N06C": "PSYCHOLEPTICS AND PSYCHOANALEPTICS IN COMBINATION", 
  "C02BB": "Secondary and tertiary amines", 
  "C02BC": "Bisquaternary ammonium compounds", 
  "C10B": "LIPID MODIFYING AGENTS, COMBINATIONS", 
  "V09EX": "Other respiratory system diagnostic radiopharmaceuticals", 
  "J07AG": "Hemophilus influenzae B vaccines", 
  "J07AF": "Diphtheria vaccines", 
  "J07AE": "Cholera vaccines", 
  "J07AD": "Brucellosis vaccines", 
  "J07AC": "Anthrax vaccines", 
  "B03X": "OTHER ANTIANEMIC PREPARATIONS", 
  "S01CC": "Antiinflammatory agents, non-steroids and antiinfectives in combination", 
  "J07AN": "Tuberculosis vaccines", 
  "J07AM": "Tetanus vaccines", 
  "J07AL": "Pneumococcal vaccines", 
  "J07AK": "Plague vaccines", 
  "J07AJ": "Pertussis vaccines", 
  "D01AA": "Antibiotics", 
  "J07AH": "Meningococcal vaccines", 
  "J01MA": "Fluoroquinolones", 
  "B06AC": "Drugs used in hereditary angioedema", 
  "B06AA": "Enzymes", 
  "G03EB": "Androgen, progestogen and estrogen in combination", 
  "J07AR": "Typhus (exanthematicus) vaccines", 
  "D07CC": "Corticosteroids, potent, combinations with antibiotics", 
  "J07AP": "Typhoid vaccines", 
  "V04CH": "Tests for renal function and ureteral injuries", 
  "A10XA": "Aldose reductase inhibitors", 
  "V09XA": "Iodine (131I) compounds", 
  "G03EK": "Androgens and female sex hormones in combination with other drugs", 
  "C08GA": "Calcium channel blockers and diuretics", 
  "J07AX": "Other bacterial vaccines", 
  "D07": "CORTICOSTEROIDS, DERMATOLOGICAL PREPARATIONS", 
  "D06": "ANTIBIOTICS AND CHEMOTHERAPEUTICS FOR DERMATOLOGICAL USE", 
  "D05": "ANTIPSORIATICS", 
  "D04": "ANTIPRURITICS, INCL. ANTIHISTAMINES, ANESTHETICS, ETC.", 
  "D05BB": "Retinoids for treatment of psoriasis", 
  "D02": "EMOLLIENTS AND PROTECTIVES", 
  "D01": "ANTIFUNGALS FOR DERMATOLOGICAL USE", 
  "A08AB": "Peripherally acting antiobesity products", 
  "B03": "ANTIANEMIC PREPARATIONS", 
  "A16AA": "Amino acids and derivatives", 
  "V04CE": "Tests for liver functional capacity", 
  "D09": "MEDICATED DRESSINGS", 
  "D08": "ANTISEPTICS AND DISINFECTANTS", 
  "S03D": "OTHER OPHTHALMOLOGICAL AND OTOLOGICAL PREPARATIONS", 
  "S01G": "DECONGESTANTS AND ANTIALLERGICS", 
  "R06AK": "Combinations of antihistamines", 
  "V08CB": "Superparamagnetic contrast media", 
  "D05BX": "Other antipsoriatics for systemic use", 
  "V08CA": "Paramagnetic contrast media", 
  "V07AC": "Blood transfusion, auxiliary products", 
  "V07AB": "Solvents and diluting agents, incl. irrigating solutions", 
  "V07AA": "Plasters", 
  "G02BA": "Intrauterine contraceptives", 
  "M03B": "MUSCLE RELAXANTS, CENTRALLY ACTING AGENTS", 
  "J06BB": "Specific immunoglobulins", 
  "J06BA": "Immunoglobulins, normal human", 
  "V07AD": "Blood tests, auxiliary products", 
  "A03CB": "Belladonna and derivatives in combination with psycholeptics", 
  "V07AN": "Incontinence equipment", 
  "L01AX": "Other alkylating agents", 
  "L01AG": "Epoxides", 
  "V07AR": "Sensitivity tests, discs and tablets", 
  "D07CA": "Corticosteroids, weak, combinations with antibiotics", 
  "L01AD": "Nitrosoureas", 
  "L01AC": "Ethylene imines", 
  "L01AB": "Alkyl sulfonates", 
  "L01AA": "Nitrogen mustard analogues", 
  "V07AT": "Cosmetics", 
  "V07AZ": "Chemicals and reagents for analysis", 
  "A11JB": "Vitamins with minerals", 
  "A11JC": "Vitamins, other combinations", 
  "N07BB": "Drugs used in alcohol dependence", 
  "N07BC": "Drugs used in opioid dependence", 
  "N07BA": "Drugs used in nicotine dependence", 
  "D06B": "CHEMOTHERAPEUTICS FOR TOPICAL USE", 
  "L02AA": "Estrogens", 
  "L02AB": "Progestogens", 
  "D06C": "ANTIBIOTICS AND CHEMOTHERAPEUTICS, COMBINATIONS", 
  "A05B": "LIVER THERAPY, LIPOTROPICS", 
  "P01AC": "Dichloroacetamide derivatives", 
  "L02AX": "Other hormones", 
  "A07CA": "Oral rehydration salt formulations", 
  "A14B": "OTHER ANABOLIC AGENTS", 
  "D08A": "ANTISEPTICS AND DISINFECTANTS", 
  "A08AA": "Centrally acting antiobesity products", 
  "A14A": "ANABOLIC STEROIDS", 
  "D02AX": "Other emollients and protectives", 
  "C03AB": "Thiazides and potassium in combination", 
  "D05AD": "Psoralens for topical use", 
  "A03FA": "Propulsives", 
  "J05AB": "Nucleosides and nucleotides excl. reverse transcriptase inhibitors", 
  "D05BA": "Psoralens for systemic use", 
  "D07BA": "Corticosteroids, weak, combinations with antiseptics", 
  "J04AD": "Thiocarbamide derivatives", 
  "N03A": "ANTIEPILEPTICS", 
  "J04AA": "Aminosalicylic acid and derivatives", 
  "J04AB": "Antibiotics", 
  "J04AC": "Hydrazides", 
  "D02AD": "Liquid plasters", 
  "B06A": "OTHER HEMATOLOGICAL AGENTS", 
  "D02AF": "Salicylic acid preparations", 
  "V09EB": "Technetium (99mTc), particles for injection", 
  "D02AA": "Silicone products", 
  "A10BB": "Sulfonamides, urea derivatives", 
  "D02AC": "Soft paraffin and fat products", 
  "A04A": "ANTIEMETICS AND ANTINAUSEANTS", 
  "B": "BLOOD AND BLOOD FORMING ORGANS", 
  "V10BX": "Various pain palliation radiopharmaceuticals", 
  "A03AE": "Serotonin receptor antagonists", 
  "A02BD": "Combinations for eradication of Helicobacter pylori", 
  "A12CD": "Fluoride", 
  "A02BA": "H2-receptor antagonists", 
  "A02BB": "Prostaglandins", 
  "A12CE": "Selenium", 
  "J01DH": "Carbapenems", 
  "R": "RESPIRATORY SYSTEM", 
  "A11DB": "Vitamin B1 in combination with vitamin B6 and/or vitamin B12", 
  "D02AE": "Carbamide products", 
  "J01DB": "First-generation cephalosporins", 
  "J01DC": "Second-generation cephalosporins", 
  "N01BA": "Esters of aminobenzoic acid", 
  "C05B": "ANTIVARICOSE THERAPY", 
  "C05C": "CAPILLARY STABILIZING AGENTS", 
  "J01DD": "Third-generation cephalosporins", 
  "J01DE": "Fourth-generation cephalosporins", 
  "L01XX": "Other antineoplastic agents", 
  "N03AF": "Carboxamide derivatives", 
  "N03AE": "Benzodiazepine derivatives", 
  "N03AD": "Succinimide derivatives", 
  "N03AC": "Oxazolidine derivatives", 
  "N03AB": "Hydantoin derivatives", 
  "N03AA": "Barbiturates and derivatives", 
  "P02DX": "Other anticestodals", 
  "H03BA": "Thiouracils", 
  "V09CA": "Technetium (99mTc) compounds", 
  "H03BC": "Perchlorates", 
  "A09A": "DIGESTIVES, INCL. ENZYMES", 
  "P02DA": "Salicylic acid derivatives", 
  "H03BX": "Other antithyroid preparations", 
  "D02AB": "Zinc products", 
  "V09CX": "Other renal system diagnostic radiopharmaceuticals", 
  "L01XA": "Platinum compounds", 
  "L01XB": "Methylhydrazines", 
  "L01XC": "Monoclonal antibodies", 
  "L01XD": "Sensitizers used in photodynamic/radiation therapy", 
  "L01XE": "Protein kinase inhibitors", 
  "N03AX": "Other antiepileptics", 
  "S01JX": "Other ophthalmological diagnostic agents", 
  "D07B": "CORTICOSTEROIDS, COMBINATIONS WITH ANTISEPTICS", 
  "M04AX": "Other antigout preparations", 
  "D11": "OTHER DERMATOLOGICAL PREPARATIONS", 
  "R01BA": "Sympathomimetics", 
  "V04CK": "Tests for pancreatic function", 
  "M09AX": "Other drugs for disorders of the musculo-skeletal system", 
  "V03AX": "Other therapeutic products", 
  "M03BB": "Oxazol, thiazine, and triazine derivatives", 
  "P02B": "ANTITREMATODALS", 
  "P02C": "ANTINEMATODAL AGENTS", 
  "G03HB": "Antiandrogens and estrogens", 
  "P02D": "ANTICESTODALS", 
  "V01AA": "Allergen extracts", 
  "A05": "BILE AND LIVER THERAPY", 
  "J01EC": "Intermediate-acting sulfonamides", 
  "G02": "OTHER GYNECOLOGICALS", 
  "G03": "SEX HORMONES AND MODULATORS OF THE GENITAL SYSTEM", 
  "G02CX": "Other gynecologicals", 
  "M01CC": "Penicillamine and similar agents", 
  "A09AB": "Acid preparations", 
  "A09AC": "Enzyme and acid preparations, combinations", 
  "V09C": "RENAL SYSTEM", 
  "A09AA": "Enzyme preparations", 
  "S03BA": "Corticosteroids", 
  "R01A": "DECONGESTANTS AND OTHER NASAL PREPARATIONS FOR TOPICAL USE", 
  "L01DA": "Actinomycines", 
  "L01DB": "Anthracyclines and related substances", 
  "R05FA": "Opium derivatives and expectorants", 
  "V10AX": "Other antiinflammatory therapeutic radiopharmaceuticals", 
  "M03BX": "Other centrally acting agents", 
  "G03AB": "Progestogens and estrogens, sequential preparations", 
  "G03AC": "Progestogens", 
  "G03AA": "Progestogens and estrogens, fixed combinations", 
  "G03AD": "Emergency contraceptives", 
  "A02AF": "Antacids with antiflatulents", 
  "N01BX": "Other local anesthetics", 
  "N02AX": "Other opioids", 
  "B02BX": "Other systemic hemostatics", 
  "D07XD": "Corticosteroids, very potent, other combinations", 
  "H01BB": "Oxytocin and analogues", 
  "D01A": "ANTIFUNGALS FOR TOPICAL USE", 
  "M": "MUSCULO-SKELETAL SYSTEM", 
  "H03CA": "Iodine therapy", 
  "B05CX": "Other irrigating solutions", 
  "N07AX": "Other parasympathomimetics", 
  "B05CB": "Salt solutions", 
  "B05CA": "Antiinfectives", 
  "N02AB": "Phenylpiperidine derivatives", 
  "N02AC": "Diphenylpropylamine derivatives", 
  "J01DI": "Other cephalosporins and penems", 
  "A02BC": "Proton pump inhibitors", 
  "N02AF": "Morphinan derivatives", 
  "N02AG": "Opioids in combination with antispasmodics", 
  "N02AD": "Benzomorphan derivatives", 
  "V06A": "DIET FORMULATIONS FOR TREATMENT OF OBESITY", 
  "C02DC": "Pyrimidine derivatives", 
  "B02BC": "Local hemostatics", 
  "A02X": "OTHER DRUGS FOR ACID RELATED DISORDERS", 
  "G01AE": "Sulfonamides", 
  "V10": "THERAPEUTIC RADIOPHARMACEUTICALS", 
  "S01EX": "Other antiglaucoma preparations", 
  "B02BA": "Vitamin K", 
  "P01BX": "Other antimalarials", 
  "J01E": "SULFONAMIDES AND TRIMETHOPRIM", 
  "S01EE": "Prostaglandin analogues", 
  "J01G": "AMINOGLYCOSIDE ANTIBACTERIALS", 
  "J01F": "MACROLIDES, LINCOSAMIDES AND STREPTOGRAMINS", 
  "J01A": "TETRACYCLINES", 
  "P01BC": "Methanolquinolines", 
  "S01EB": "Parasympathomimetics", 
  "J01B": "AMPHENICOLS", 
  "J01M": "QUINOLONE ANTIBACTERIALS", 
  "A02BX": "Other drugs for peptic ulcer and gastro-oesophageal reflux disease (GORD)", 
  "V09D": "HEPATIC AND RETICULO ENDOTHELIAL SYSTEM", 
  "C07AA": "Beta blocking agents, non-selective", 
  "C07AG": "Alpha and beta blocking agents", 
  "D07X": "CORTICOSTEROIDS, OTHER COMBINATIONS", 
  "N06DA": "Anticholinesterases", 
  "J01CR": "Combinations of penicillins, incl. beta-lactamase inhibitors", 
  "A02AG": "Antacids with antispasmodics", 
  "A12AA": "Calcium", 
  "A02AA": "Magnesium compounds", 
  "A05BA": "Liver therapy", 
  "A02AC": "Calcium compounds", 
  "A02AB": "Aluminium compounds", 
  "M01AX": "Other antiinflammatory and antirheumatic agents, non-steroids", 
  "G01AC": "Quinoline derivatives", 
  "A02AH": "Antacids with sodium bicarbonate", 
  "S01BC": "Antiinflammatory agents, non-steroids", 
  "M01AB": "Acetic acid derivatives and related substances", 
  "M01AC": "Oxicams", 
  "J01CA": "Penicillins with extended spectrum", 
  "M01AA": "Butylpyrazolidines", 
  "J01CG": "Beta-lactamase inhibitors", 
  "M01AG": "Fenamates", 
  "J01CE": "Beta-lactamase sensitive penicillins", 
  "M01AE": "Propionic acid derivatives", 
  "V03AF": "Detoxifying agents for antineoplastic treatment", 
  "D07CB": "Corticosteroids, moderately potent, combinations with antibiotics", 
  "M01AH": "Coxibs", 
  "J01RA": "Combinations of antibacterials", 
  "D07CD": "Corticosteroids, very potent, combinations with antibiotics", 
  "C03DA": "Aldosterone antagonists", 
  "V04CD": "Tests for pituitary function", 
  "C03DB": "Other potassium-sparing agents", 
  "H03AA": "Thyroid hormones", 
  "L02BX": "Other hormone antagonists and related agents", 
  "H03C": "IODINE THERAPY", 
  "H03B": "ANTITHYROID PREPARATIONS", 
  "J01DF": "Monobactams", 
  "V09IX": "Other diagnostic radiopharmaceuticals for tumour detection", 
  "C07FA": "Beta blocking agents, non-selective, and other antihypertensives", 
  "A10X": "OTHER DRUGS USED IN DIABETES", 
  "A03BA": "Belladonna alkaloids, tertiary amines", 
  "C02LX": "Other antihypertensives and diuretics", 
  "A03BB": "Belladonna alkaloids, semisynthetic, quaternary ammonium compounds", 
  "A10B": "BLOOD GLUCOSE LOWERING DRUGS, EXCL. INSULINS", 
  "C07EB": "Beta blocking agents, selective, and vasodilators", 
  "V03AE": "Drugs for treatment of hyperkalemia and hyperphosphatemia", 
  "A10A": "INSULINS AND ANALOGUES", 
  "S02DA": "Analgesics and anesthetics", 
  "L02BG": "Aromatase inhibitors", 
  "S02DC": "Indifferent preparations", 
  "L02BA": "Anti-estrogens", 
  "L02BB": "Anti-androgens", 
  "N03AG": "Fatty acid derivatives", 
  "L01XY": "Combinations of antineoplastic agents", 
  "J07BX": "Other viral vaccines", 
  "H": "SYSTEMIC HORMONAL PREPARATIONS, EXCL. SEX HORMONES AND INSULINS", 
  "J05AC": "Cyclic amines", 
  "G02C": "OTHER GYNECOLOGICALS", 
  "G02B": "CONTRACEPTIVES FOR TOPICAL USE", 
  "G02A": "OXYTOCICS", 
  "N07AB": "Choline esters", 
  "C09BA": "ACE inhibitors and diuretics", 
  "B05ZA": "Hemodialytics, concentrates", 
  "B05ZB": "Hemofiltrates", 
  "C09BB": "ACE inhibitors and calcium channel blockers", 
  "J01CF": "Beta-lactamase resistant penicillins", 
  "N07AA": "Anticholinesterases", 
  "V08AA": "Watersoluble, nephrotropic, high osmolar X-ray contrast media", 
  "L01C": "PLANT ALKALOIDS AND OTHER NATURAL PRODUCTS", 
  "L01B": "ANTIMETABOLITES", 
  "L01A": "ALKYLATING AGENTS", 
  "R02": "THROAT PREPARATIONS", 
  "R05": "COUGH AND COLD PREPARATIONS", 
  "R03": "DRUGS FOR OBSTRUCTIVE AIRWAY DISEASES", 
  "R07": "OTHER RESPIRATORY SYSTEM PRODUCTS", 
  "C01CE": "Phosphodiesterase inhibitors", 
  "C02LB": "Methyldopa and diuretics in combination", 
  "J06A": "IMMUNE SERA", 
  "S01JA": "Colouring agents", 
  "C02LC": "Imidazoline receptor agonists in combination with diuretics", 
  "D07XB": "Corticosteroids, moderately potent, other combinations", 
  "D07XC": "Corticosteroids, potent, other combinations", 
  "S01XA": "Other ophthalmologicals", 
  "D07XA": "Corticosteroids, weak, other combinations", 
  "G02BB": "Intravaginal contraceptives", 
  "A03C": "ANTISPASMODICS IN COMBINATION WITH PSYCHOLEPTICS", 
  "C01CX": "Other cardiac stimulants", 
  "L01X": "OTHER ANTINEOPLASTIC AGENTS", 
  "A03F": "PROPULSIVES", 
  "A03D": "ANTISPASMODICS IN COMBINATION WITH ANALGESICS", 
  "C04AD": "Purine derivatives", 
  "D05AC": "Antracen derivatives", 
  "D03BA": "Proteolytic enzymes", 
  "D05AA": "Tars", 
  "S03": "OPHTHALMOLOGICAL AND OTOLOGICAL PREPARATIONS", 
  "P01BF": "Artemisinin and derivatives, combinations", 
  "G03CA": "Natural and semisynthetic estrogens, plain", 
  "A05AB": "Preparations for biliary tract therapy", 
  "A05AA": "Bile acid preparations", 
  "H01CA": "Gonadotropin-releasing hormones", 
  "R03DB": "Xanthines and adrenergics", 
  "H01CC": "Anti-gonadotropin-releasing hormones", 
  "H01CB": "Somatostatin and analogues", 
  "A05AX": "Other drugs for bile therapy", 
  "G03CC": "Estrogens, combinations with other drugs", 
  "B02AB": "Proteinase inhibitors", 
  "H03BB": "Sulfur-containing imidazole derivatives", 
  "B02AA": "Amino acids", 
  "H02AA": "Mineralocorticoids", 
  "H02AB": "Glucocorticoids", 
  "D09AX": "Soft paraffin dressings", 
  "L": "ANTINEOPLASTIC AND IMMUNOMODULATING AGENTS", 
  "M02A": "TOPICAL PRODUCTS FOR JOINT AND MUSCULAR PAIN", 
  "C09CA": "Angiotensin II antagonists, plain", 
  "R01AX": "Other nasal preparations", 
  "V06B": "PROTEIN SUPPLEMENTS", 
  "V06C": "INFANT FORMULAS", 
  "G01AX": "Other antiinfectives and antiseptics", 
  "G01B": "ANTIINFECTIVES/ANTISEPTICS IN COMBINATION WITH CORTICOSTEROIDS", 
  "S01FA": "Anticholinergics", 
  "J02A": "ANTIMYCOTICS FOR SYSTEMIC USE", 
  "S01FB": "Sympathomimetics excl. antiglaucoma preparations", 
  "C07FB": "Beta blocking agents, selective, and other antihypertensives", 
  "R05C": "EXPECTORANTS, EXCL. COMBINATIONS WITH COUGH SUPPRESSANTS", 
  "G02AC": "Ergot alkaloids and oxytocin incl. analogues, in combination", 
  "R05D": "COUGH SUPPRESSANTS, EXCL. COMBINATIONS WITH EXPECTORANTS", 
  "R05F": "COUGH SUPPRESSANTS AND EXPECTORANTS, COMBINATIONS", 
  "R01AD": "Corticosteroids", 
  "N01BB": "Amides", 
  "N01BC": "Esters of benzoic acid", 
  "R01AA": "Sympathomimetics, plain", 
  "R01AC": "Antiallergic agents, excl. corticosteroids", 
  "R01AB": "Sympathomimetics, combinations excl. corticosteroids", 
  "C": "CARDIOVASCULAR SYSTEM", 
  "N05CX": "Hypnotics and sedatives in combination, excl. barbiturates", 
  "D09AA": "Medicated dressings with antiinfectives", 
  "V09IA": "Technetium (99mTc) compounds", 
  "V08D": "ULTRASOUND CONTRAST MEDIA", 
  "V09IB": "Indium (111In) compounds", 
  "V08B": "X-RAY CONTRAST MEDIA, NON-IODINATED", 
  "V08C": "MAGNETIC RESONANCE IMAGING CONTRAST MEDIA", 
  "C01BC": "Antiarrhythmics, class Ic", 
  "B01": "ANTITHROMBOTIC AGENTS", 
  "N05CB": "Barbiturates, combinations", 
  "N05CA": "Barbiturates, plain", 
  "B02": "ANTIHEMORRHAGICS", 
  "B05": "BLOOD SUBSTITUTES AND PERFUSION SOLUTIONS", 
  "N05CF": "Benzodiazepine related drugs", 
  "N05CE": "Piperidinedione derivatives", 
  "B06": "OTHER HEMATOLOGICAL AGENTS", 
  "N05CH": "Melatonin receptor agonists", 
  "A03AB": "Synthetic anticholinergics, quaternary ammonium compounds", 
  "N05CM": "Other hypnotics and sedatives", 
  "D08AJ": "Quaternary ammonium compounds", 
  "N05CC": "Aldehydes and derivatives", 
  "D08AH": "Quinoline derivatives", 
  "A03AC": "Synthetic antispasmodics, amides with tertiary amines", 
  "B01AX": "Other antithrombotic agents", 
  "M01": "ANTIINFLAMMATORY AND ANTIRHEUMATIC PRODUCTS", 
  "D08AL": "Silver compounds", 
  "A10BD": "Combinations of oral blood glucose lowering drugs", 
  "N04B": "DOPAMINERGIC AGENTS", 
  "D08AC": "Biguanides and amidines", 
  "N04A": "ANTICHOLINERGIC AGENTS", 
  "S02CA": "Corticosteroids and antiinfectives in combination", 
  "D08AG": "Iodine products", 
  "D08AD": "Boric acid products", 
  "D08AE": "Phenol and derivatives", 
  "V01A": "ALLERGENS", 
  "S01K": "SURGICAL AIDS", 
  "S01H": "LOCAL ANESTHETICS", 
  "V04CJ": "Tests for thyreoidea function", 
  "D02BA": "Protectives against UV-radiation for topical use", 
  "B03B": "VITAMIN B12 AND FOLIC ACID", 
  "B03A": "IRON PREPARATIONS", 
  "A06AH": "Peripheral opioid receptor antagonists", 
  "S01B": "ANTIINFLAMMATORY AGENTS", 
  "S01AA": "Antibiotics", 
  "S01AB": "Sulfonamides", 
  "S01A": "ANTIINFECTIVES", 
  "S01F": "MYDRIATICS AND CYCLOPLEGICS", 
  "J04": "ANTIMYCOBACTERIALS", 
  "J07": "VACCINES", 
  "J06": "IMMUNE SERA AND IMMUNOGLOBULINS", 
  "J01GB": "Other aminoglycosides", 
  "C09": "AGENTS ACTING ON THE RENIN-ANGIOTENSIN SYSTEM", 
  "C01DX": "Other vasodilators used in cardiac diseases", 
  "D10": "ANTI-ACNE PREPARATIONS", 
  "J07BL": "Yellow fever vaccines", 
  "A07F": "ANTIDIARRHEAL MICROORGANISMS", 
  "B01AA": "Vitamin K antagonists", 
  "A07D": "ANTIPROPULSIVES", 
  "N05CD": "Benzodiazepine derivatives", 
  "A07B": "INTESTINAL ADSORBENTS", 
  "A07C": "ELECTROLYTES WITH CARBOHYDRATES", 
  "N07B": "DRUGS USED IN ADDICTIVE DISORDERS", 
  "J07BB": "Influenza vaccines", 
  "A11GA": "Ascorbic acid (vitamin C), plain", 
  "C03BX": "Other low-ceiling diuretics", 
  "J04BA": "Drugs for treatment of lepra", 
  "A07X": "OTHER ANTIDIARRHEALS", 
  "J07BC": "Hepatitis vaccines", 
  "C04A": "PERIPHERAL VASODILATORS", 
  "C01DB": "Quinolone vasodilators", 
  "B03XA": "Other antianemic preparations", 
  "V04CM": "Tests for fertility disturbances", 
  "V20": "SURGICAL DRESSINGS", 
  "R03CA": "Alpha- and beta-adrenoreceptor agonists", 
  "V09DX": "Other hepatic and reticulo endothelial system diagnostic radiopharmaceuticals", 
  "R03CC": "Selective beta-2-adrenoreceptor agonists", 
  "R03CB": "Non-selective beta-adrenoreceptor agonists", 
  "C02CA": "Alpha-adrenoreceptor antagonists", 
  "V08AB": "Watersoluble, nephrotropic, low osmolar X-ray contrast media", 
  "R03CK": "Adrenergics and other drugs for obstructive airway diseases", 
  "A10BH": "Dipeptidyl peptidase 4 (DPP-4) inhibitors", 
  "D05A": "ANTIPSORIATICS FOR TOPICAL USE", 
  "C03XA": "Vasopressin antagonists", 
  "C02CC": "Guanidine derivatives", 
  "N06AF": "Monoamine oxidase inhibitors, non-selective", 
  "N06AG": "Monoamine oxidase A inhibitors", 
  "V09GX": "Other cardiovascular system diagnostic radiopharmaceuticals", 
  "N06AB": "Selective serotonin reuptake inhibitors", 
  "N06AA": "Non-selective monoamine reuptake inhibitors", 
  "S01AX": "Other antiinfectives", 
  "D08AK": "Mercurial products", 
  "G03E": "ANDROGENS AND FEMALE SEX HORMONES IN COMBINATION", 
  "P03BX": "Other insecticides and repellents", 
  "A07AX": "Other intestinal antiinfectives", 
  "S01X": "OTHER OPHTHALMOLOGICALS", 
  "N": "NERVOUS SYSTEM", 
  "V10X": "OTHER THERAPEUTIC RADIOPHARMACEUTICALS", 
  "B03BB": "Folic acid and derivatives", 
  "M05B": "DRUGS AFFECTING BONE STRUCTURE AND MINERALIZATION", 
  "B03BA": "Vitamin B12 (cyanocobalamin and analogues)", 
  "C02AC": "Imidazoline receptor agonists", 
  "C02AB": "Methyldopa", 
  "C02AA": "Rauwolfia alkaloids", 
  "R05CB": "Mucolytics", 
  "G03CX": "Other estrogens", 
  "G03HA": "Antiandrogens, plain", 
  "R02A": "THROAT PREPARATIONS", 
  "R03DX": "Other systemic drugs for obstructive airway diseases", 
  "J04B": "DRUGS FOR TREATMENT OF LEPRA", 
  "V08CX": "Other magnetic resonance imaging contrast media", 
  "H05BA": "Calcitonin preparations", 
  "G03FB": "Progestogens and estrogens, sequential preparations", 
  "G03FA": "Progestogens and estrogens, fixed combinations", 
  "R03DC": "Leukotriene receptor antagonists", 
  "R02AX": "Other throat preparations", 
  "R05CA": "Expectorants", 
  "J04A": "DRUGS FOR TREATMENT OF TUBERCULOSIS", 
  "L03AA": "Colony stimulating factors", 
  "L03AC": "Interleukins", 
  "L03AB": "Interferons", 
  "D06A": "ANTIBIOTICS FOR TOPICAL USE", 
  "D01AE": "Other antifungals for topical use", 
  "H01AX": "Other anterior pituitary lobe hormones and analogues", 
  "D08AF": "Nitrofuran derivatives", 
  "S01KX": "Other surgical aids", 
  "V06CA": "Nutrients without phenylalanine", 
  "B05BA": "Solutions for parenteral nutrition", 
  "B05BB": "Solutions affecting the electrolyte balance", 
  "B05BC": "Solutions producing osmotic diuresis", 
  "D02B": "PROTECTIVES AGAINST UV-RADIATION", 
  "D07AD": "Corticosteroids, very potent (group IV)", 
  "L03AX": "Other immunostimulants", 
  "C10": "LIPID MODIFYING AGENTS", 
  "C03BA": "Sulfonamides, plain", 
  "C07BB": "Beta blocking agents, selective, and thiazides", 
  "N02BG": "Other analgesics and antipyretics", 
  "S01J": "DIAGNOSTIC AGENTS", 
  "N02BE": "Anilides", 
  "J05AR": "Antivirals for treatment of HIV infections, combinations", 
  "N02BB": "Pyrazolones", 
  "N02BA": "Salicylic acid and derivatives", 
  "C10AB": "Fibrates", 
  "P01AX": "Other agents against amoebiasis and other protozoal diseases", 
  "D08AX": "Other antiseptics and disinfectants", 
  "V08DA": "Ultrasound contrast media", 
  "H01B": "POSTERIOR PITUITARY LOBE HORMONES", 
  "S01BA": "Corticosteroids, plain", 
  "P01AB": "Nitroimidazole derivatives", 
  "J06B": "IMMUNOGLOBULINS", 
  "M05": "DRUGS FOR TREATMENT OF BONE DISEASES", 
  "J05AE": "Protease inhibitors", 
  "M03": "MUSCLE RELAXANTS", 
  "J05AG": "Non-nucleoside reverse transcriptase inhibitors", 
  "J05AF": "Nucleoside and nucleotide reverse transcriptase inhibitors", 
  "D03AA": "Cod-liver oil ointments", 
  "J05AH": "Neuraminidase inhibitors", 
  "A03AX": "Other drugs for functional gastrointestinal disorders", 
  "C03BD": "Xanthine derivatives", 
  "D03AX": "Other cicatrizants", 
  "J04AM": "Combinations of drugs for treatment of tuberculosis", 
  "M09": "OTHER DRUGS FOR DISORDERS OF THE MUSCULO-SKELETAL SYSTEM", 
  "C01A": "CARDIAC GLYCOSIDES", 
  "S01L": "OCULAR VASCULAR DISORDER AGENTS", 
  "C03AX": "Thiazides, combinations with other drugs", 
  "A14": "ANABOLIC AGENTS FOR SYSTEMIC USE", 
  "C03D": "POTASSIUM-SPARING AGENTS", 
  "L04AB": "Tumor necrosis factor alpha (TNF-) inhibitors", 
  "D02BB": "Protectives against UV-radiation for systemic use", 
  "C03A": "LOW-CEILING DIURETICS, THIAZIDES", 
  "C03B": "LOW-CEILING DIURETICS, EXCL. THIAZIDES", 
  "C03C": "HIGH-CEILING DIURETICS", 
  "J05A": "DIRECT ACTING ANTIVIRALS", 
  "C03X": "OTHER DIURETICS", 
  "C01D": "VASODILATORS USED IN CARDIAC DISEASES", 
  "C03AH": "Thiazides, combinations with psycholeptics and/or analgesics", 
  "S01C": "ANTIINFLAMMATORY AGENTS AND ANTIINFECTIVES IN COMBINATION", 
  "B01AB": "Heparin group", 
  "L04AA": "Selective immunosuppressants", 
  "V09EA": "Technetium (99mTc), inhalants", 
  "A10": "DRUGS USED IN DIABETES", 
  "D09A": "MEDICATED DRESSINGS", 
  "J02": "ANTIMYCOTICS FOR SYSTEMIC USE", 
  "A13": "TONICS", 
  "V09AX": "Other central nervous system diagnostic radiopharmaceuticals", 
  "S01AD": "Antivirals", 
  "A12": "MINERAL SUPPLEMENTS", 
  "A11GB": "Ascorbic acid (vitamin C), combinations", 
  "V10XA": "Iodine (131I) compounds", 
  "S01AE": "Fluoroquinolones", 
  "M04AC": "Preparations with no effect on uric acid metabolism", 
  "M04AB": "Preparations increasing uric acid excretion", 
  "M04AA": "Preparations inhibiting uric acid production", 
  "M03C": "MUSCLE RELAXANTS, DIRECTLY ACTING AGENTS", 
  "V10XX": "Various therapeutic radiopharmaceuticals", 
  "A03DB": "Belladonna and derivatives in combination with analgesics", 
  "S01E": "ANTIGLAUCOMA PREPARATIONS AND MIOTICS", 
  "A03DA": "Synthetic anticholinergic agents in combination with analgesics", 
  "C02DD": "Nitroferricyanide derivatives", 
  "G01BD": "Antiseptics and corticosteroids", 
  "G04CX": "Other drugs used in benign prostatic hypertrophy", 
  "G03BB": "5-androstanon (3) derivatives", 
  "G03BA": "3-oxoandrosten (4) derivatives", 
  "J01": "ANTIBACTERIALS FOR SYSTEMIC USE", 
  "G01": "GYNECOLOGICAL ANTIINFECTIVES AND ANTISEPTICS", 
  "C04AX": "Other peripheral vasodilators", 
  "N01AX": "Other general anesthetics", 
  "C04AA": "2-amino-1-phenylethanol derivatives", 
  "C02LA": "Rauwolfia alkaloids and diuretics in combination", 
  "C04AC": "Nicotinic acid and derivatives", 
  "C04AB": "Imidazoline derivatives", 
  "C04AE": "Ergot alkaloids", 
  "C02LE": "Alpha-adrenoreceptor antagonists and diuretics", 
  "C02LF": "Guanidine derivatives and diuretics", 
  "C04AF": "Enzymes", 
  "J07CA": "Bacterial and viral vaccines, combined", 
  "P01AA": "Hydroxyquinoline derivatives", 
  "R01B": "NASAL DECONGESTANTS FOR SYSTEMIC USE", 
  "C02LL": "MAO inhibitors and diuretics", 
  "C10BA": "HMG CoA reductase inhibitors in combination with other lipid modifying agents", 
  "C02LN": "Serotonin antagonists and diuretics", 
  "G01A": "ANTIINFECTIVES AND ANTISEPTICS, EXCL. COMBINATIONS WITH CORTICOSTEROIDS", 
  "A03AD": "Papaverine and derivatives", 
  "M01C": "SPECIFIC ANTIRHEUMATIC AGENTS", 
  "A11CC": "Vitamin D and analogues", 
  "A11CB": "Vitamin A and D in combination", 
  "A11CA": "Vitamin A, plain", 
  "G04CB": "Testosterone-5-alpha reductase inhibitors", 
  "J07BH": "Rota virus diarrhea vaccines", 
  "C08EX": "Other non-selective calcium channel blockers", 
  "L02B": "HORMONE ANTAGONISTS AND RELATED AGENTS", 
  "C01AX": "Other cardiac glycosides", 
  "L02A": "HORMONES AND RELATED AGENTS", 
  "C08EA": "Phenylalkylamine derivatives", 
  "M09A": "OTHER DRUGS FOR DISORDERS OF THE MUSCULO-SKELETAL SYSTEM", 
  "C09A": "ACE INHIBITORS, PLAIN", 
  "C02KA": "Alkaloids, excl. rauwolfia", 
  "C07BG": "Alpha and beta blocking agents and thiazides", 
  "A07FA": "Antidiarrheal microorganisms", 
  "C05A": "AGENTS FOR TREATMENT OF HEMORRHOIDS AND ANAL FISSURES FOR TOPICAL USE", 
  "A07E": "INTESTINAL ANTIINFLAMMATORY AGENTS", 
  "D": "DERMATOLOGICALS", 
  "C07BA": "Beta blocking agents, non-selective, and thiazides", 
  "H02BX": "Corticosteroids for systemic use, combinations", 
  "M01A": "ANTIINFLAMMATORY AND ANTIRHEUMATIC PRODUCTS, NON-STEROIDS", 
  "M01B": "ANTIINFLAMMATORY/ANTIRHEUMATIC AGENTS IN COMBINATION", 
  "S01KA": "Viscoelastic substances", 
  "P03A": "ECTOPARASITICIDES, INCL. SCABICIDES", 
  "D08AB": "Aluminium agents", 
  "D11A": "OTHER DERMATOLOGICAL PREPARATIONS", 
  "P03B": "INSECTICIDES AND REPELLENTS", 
  "C01DA": "Organic nitrates", 
  "J01XE": "Nitrofuran derivatives", 
  "A16AB": "Enzymes", 
  "J02AX": "Other antimycotics for systemic use", 
  "D06AA": "Tetracycline and derivatives", 
  "L01CA": "Vinca alkaloids and analogues", 
  "R06A": "ANTIHISTAMINES FOR SYSTEMIC USE", 
  "L01CC": "Colchicine derivatives", 
  "L01CB": "Podophyllotoxin derivatives", 
  "L01CD": "Taxanes", 
  "V10B": "PAIN PALLIATION (BONE SEEKING AGENTS)", 
  "N01AA": "Ethers", 
  "P02": "ANTHELMINTICS", 
  "P01": "ANTIPROTOZOALS", 
  "N01AB": "Halogenated hydrocarbons", 
  "S03CA": "Corticosteroids and antiinfectives in combination", 
  "N01AG": "Barbiturates in combination with other drugs", 
  "N01AF": "Barbiturates, plain", 
  "N01AH": "Opioid anesthetics", 
  "A16AX": "Various alimentary tract and metabolism products", 
  "V09I": "TUMOUR DETECTION", 
  "V09H": "INFLAMMATION AND INFECTION DETECTION", 
  "N05BX": "Other anxiolytics", 
  "V09GB": "Iodine (125I) compounds", 
  "V09A": "CENTRAL NERVOUS SYSTEM", 
  "H02": "CORTICOSTEROIDS FOR SYSTEMIC USE", 
  "H01": "PITUITARY AND HYPOTHALAMIC HORMONES AND ANALOGUES", 
  "V09B": "SKELETON", 
  "V09E": "RESPIRATORY SYSTEM", 
  "C10A": "LIPID MODIFYING AGENTS, PLAIN", 
  "V09G": "CARDIOVASCULAR SYSTEM", 
  "H04": "PANCREATIC HORMONES", 
  "C05AD": "Local anesthetics", 
  "C05AE": "Muscle relaxants", 
  "V09HX": "Other diagnostic radiopharmaceuticals for inflammation and infection detection", 
  "D10B": "ANTI-ACNE PREPARATIONS FOR SYSTEMIC USE", 
  "C05AA": "Corticosteroids", 
  "C05AB": "Antibiotics", 
  "N05BD": "Dibenzo-bicyclo-octadiene derivatives", 
  "N05BE": "Azaspirodecanedione derivatives", 
  "N05BA": "Benzodiazepine derivatives", 
  "L04AC": "Interleukin inhibitors", 
  "N05BC": "Carbamates", 
  "P03": "ECTOPARASITICIDES, INCL. SCABICIDES, INSECTICIDES AND REPELLENTS", 
  "A16A": "OTHER ALIMENTARY TRACT AND METABOLISM PRODUCTS", 
  "L01CX": "Other plant alkaloids and natural products", 
  "V06DA": "Carbohydrates/proteins/minerals/vitamins, combinations", 
  "V06DC": "Carbohydrates", 
  "M02AB": "Capsaicin and similar agents", 
  "V06DE": "Amino acids/carbohydrates/minerals/vitamins, combinations", 
  "V06DD": "Amino acids, incl. combinations with polypeptides", 
  "V06DF": "Milk substitutes", 
  "V06DX": "Other combinations of nutrients", 
  "A11HA": "Other plain vitamin preparations", 
  "N05A": "ANTIPSYCHOTICS", 
  "N05C": "HYPNOTICS AND SEDATIVES", 
  "N05B": "ANXIOLYTICS", 
  "C02KD": "Serotonin antagonists", 
  "G02AD": "Prostaglandins", 
  "A02A": "ANTACIDS", 
  "G02AB": "Ergot alkaloids", 
  "C02KC": "MAO inhibitors", 
  "C02KB": "Tyrosine hydroxylase inhibitors", 
  "D06BA": "Sulfonamides", 
  "A08A": "ANTIOBESITY PREPARATIONS, EXCL. DIET PRODUCTS", 
  "D06BB": "Antivirals", 
  "A02AX": "Antacids, other combinations", 
  "A12C": "OTHER MINERAL SUPPLEMENTS", 
  "A12BA": "Potassium", 
  "C07A": "BETA BLOCKING AGENTS", 
  "C07B": "BETA BLOCKING AGENTS AND THIAZIDES", 
  "C07C": "BETA BLOCKING AGENTS AND OTHER DIURETICS", 
  "C07D": "BETA BLOCKING AGENTS, THIAZIDES AND OTHER DIURETICS", 
  "C07E": "BETA BLOCKING AGENTS AND VASODILATORS", 
  "C07F": "BETA BLOCKING AGENTS AND OTHER ANTIHYPERTENSIVES", 
  "C08D": "SELECTIVE CALCIUM CHANNEL BLOCKERS WITH DIRECT CARDIAC EFFECTS", 
  "C01CA": "Adrenergic and dopaminergic agents", 
  "C02KX": "Other antihypertensives", 
  "M01BA": "Antiinflammatory/antirheumatic agents in combination with corticosteroids", 
  "N06BX": "Other psychostimulants and nootropics", 
  "V09AA": "Technetium (99mTc) compounds", 
  "C08": "CALCIUM CHANNEL BLOCKERS", 
  "V09DA": "Technetium (99mTc) compounds", 
  "V09AB": "Iodine (123I) compounds", 
  "J01GA": "Streptomycins", 
  "D07BB": "Corticosteroids, moderately potent, combinations with antiseptics", 
  "D07BC": "Corticosteroids, potent, combinations with antiseptics", 
  "V04CB": "Tests for fat absorption", 
  "C03CX": "Other high-ceiling diuretics", 
  "V04CA": "Tests for diabetes", 
  "J07C": "BACTERIAL AND VIRAL VACCINES, COMBINED", 
  "V04CG": "Tests for gastric secretion", 
  "A07DA": "Antipropulsives", 
  "J02AC": "Triazole derivatives", 
  "A11A": "MULTIVITAMINS, COMBINATIONS", 
  "A03CC": "Other antispasmodics in combination with psycholeptics", 
  "V04CX": "Other diagnostic agents", 
  "A03CA": "Synthetic anticholinergic agents in combination with psycholeptics", 
  "A11E": "VITAMIN B-COMPLEX, INCL. COMBINATIONS", 
  "A11D": "VITAMIN B1, PLAIN AND IN COMBINATION WITH VITAMIN B6 AND B12", 
  "A11G": "ASCORBIC ACID (VITAMIN C), INCL. COMBINATIONS", 
  "V09BA": "Technetium (99mTc) compounds", 
  "D10AX": "Other anti-acne preparations for topical use", 
  "A11H": "OTHER PLAIN VITAMIN PREPARATIONS", 
  "G04BC": "Urinary concrement solvents", 
  "G04BD": "Drugs for urinary frequency and incontinence", 
  "C09C": "ANGIOTENSIN II ANTAGONISTS, PLAIN", 
  "B03AC": "Iron trivalent, parenteral preparations", 
  "B03AB": "Iron trivalent, oral preparations", 
  "B03AA": "Iron bivalent, oral preparations", 
  "R02AD": "Anesthetics, local", 
  "C02DA": "Thiazide derivatives", 
  "M04A": "ANTIGOUT PREPARATIONS", 
  "B03AD": "Iron in combination with folic acid", 
  "A10AD": "Insulins and analogues for injection, intermediate-acting combined with fast-acting", 
  "A10AE": "Insulins and analogues for injection, long-acting", 
  "A10AF": "Insulins and analogues for inhalation", 
  "R05X": "OTHER COLD PREPARATIONS", 
  "A10AB": "Insulins and analogues for injection, fast-acting", 
  "A10AC": "Insulins and analogues for injection, intermediate-acting", 
  "R03D": "OTHER SYSTEMIC DRUGS FOR OBSTRUCTIVE AIRWAY DISEASES", 
  "R03C": "ADRENERGICS FOR SYSTEMIC USE", 
  "R03B": "OTHER DRUGS FOR OBSTRUCTIVE AIRWAY DISEASES, INHALANTS", 
  "R03A": "ADRENERGICS, INHALANTS", 
  "N06AX": "Other antidepressants", 
  "A05A": "BILE THERAPY", 
  "V06D": "OTHER NUTRIENTS", 
  "D06AX": "Other antibiotics for topical use", 
  "M03AA": "Curare alkaloids", 
  "M03AB": "Choline derivatives", 
  "M03AC": "Other quaternary ammonium compounds", 
  "C03AA": "Thiazides, plain", 
  "H03": "THYROID THERAPY", 
  "C02DB": "Hydrazinophthalazine derivatives", 
  "M03AX": "Other muscle relaxants, peripherally acting agents", 
  "H05AA": "Parathyroid hormones and analogues", 
  "N02AE": "Oripavine derivatives", 
  "G03GA": "Gonadotropins", 
  "G03GB": "Ovulation stimulants, synthetic", 
  "V09HA": "Technetium (99mTc) compounds", 
  "P02BX": "Other antitrematodal agents", 
  "B05AA": "Blood substitutes and plasma protein fractions", 
  "C05AX": "Other agents for treatment of hemorrhoids and anal fissures for topical use", 
  "J": "ANTIINFECTIVES FOR SYSTEMIC USE", 
  "D07A": "CORTICOSTEROIDS, PLAIN", 
  "D07C": "CORTICOSTEROIDS, COMBINATIONS WITH ANTIBIOTICS", 
  "H01BA": "Vasopressin and analogues", 
  "G01AD": "Organic acids", 
  "B02BB": "Fibrinogen", 
  "G01AF": "Imidazole derivatives", 
  "G01AG": "Triazole derivatives", 
  "G01AA": "Antibiotics", 
  "G01AB": "Arsenic compounds", 
  "B02BD": "Blood coagulation factors", 
  "A11C": "VITAMIN A AND D, INCL. COMBINATIONS OF THE TWO", 
  "V09F": "THYROID", 
  "R03BC": "Antiallergic agents, excl. corticosteroids", 
  "V08AD": "Non-watersoluble X-ray contrast media", 
  "D10A": "ANTI-ACNE PREPARATIONS FOR TOPICAL USE", 
  "C01EB": "Other cardiac preparations", 
  "V07A": "ALL OTHER NON-THERAPEUTIC PRODUCTS", 
  "V08AC": "Watersoluble, hepatotropic X-ray contrast media", 
  "S01": "OPHTHALMOLOGICALS", 
  "S02": "OTOLOGICALS", 
  "J01FG": "Streptogramins", 
  "S01GA": "Sympathomimetics used as decongestants", 
  "D09AB": "Zinc bandages", 
  "S01GX": "Other antiallergics", 
  "G04": "UROLOGICALS", 
  "L01DC": "Other cytotoxic antibiotics", 
  "C02N": "COMBINATIONS OF ANTIHYPERTENSIVES IN ATC-GR. C02", 
  "C02L": "ANTIHYPERTENSIVES AND DIURETICS IN COMBINATION", 
  "C02K": "OTHER ANTIHYPERTENSIVES", 
  "C10AX": "Other lipid modifying agents", 
  "S": "SENSORY ORGANS", 
  "C02D": "ARTERIOLAR SMOOTH MUSCLE, AGENTS ACTING ON", 
  "C02C": "ANTIADRENERGIC AGENTS, PERIPHERALLY ACTING", 
  "C02B": "ANTIADRENERGIC AGENTS, GANGLION-BLOCKING", 
  "C02A": "ANTIADRENERGIC AGENTS, CENTRALLY ACTING", 
  "J01X": "OTHER ANTIBACTERIALS", 
  "C03BK": "Sulfonamides, combinations with other drugs", 
  "A03B": "BELLADONNA AND DERIVATIVES, PLAIN", 
  "J01AA": "Tetracyclines", 
  "P03BA": "Pyrethrines", 
  "C03BC": "Mercurial diuretics", 
  "C03BB": "Sulfonamides and potassium in combination", 
  "C10AD": "Nicotinic acid and derivatives", 
  "H01C": "HYPOTHALAMIC HORMONES", 
  "C10AC": "Bile acid sequestrants", 
  "D07AC": "Corticosteroids, potent (group III)", 
  "C10AA": "HMG CoA reductase inhibitors", 
  "A15": "APPETITE STIMULANTS", 
  "S01ED": "Beta blocking agents", 
  "A16": "OTHER ALIMENTARY TRACT AND METABOLISM PRODUCTS", 
  "A11": "VITAMINS", 
  "A07AA": "Antibiotics", 
  "A07AB": "Sulfonamides", 
  "A07AC": "Imidazole derivatives", 
  "A03DC": "Other antispasmodics in combination with analgesics", 
  "A12A": "CALCIUM", 
  "A12B": "POTASSIUM", 
  "H04AA": "Glycogenolytic hormones", 
  "P01BD": "Diaminopyrimidines", 
  "C09B": "ACE INHIBITORS, COMBINATIONS", 
  "R03AB": "Non-selective beta-adrenoreceptor agonists", 
  "G04CA": "Alpha-adrenoreceptor antagonists", 
  "P01BE": "Artemisinin and derivatives, plain", 
  "D05AX": "Other antipsoriatics for topical use", 
  "N05BB": "Diphenylmethane derivatives", 
  "C09D": "ANGIOTENSIN II ANTAGONISTS, COMBINATIONS", 
  "N01A": "ANESTHETICS, GENERAL", 
  "P01BB": "Biguanides", 
  "J01XD": "Imidazole derivatives", 
  "N01B": "ANESTHETICS, LOCAL", 
  "J01XB": "Polymyxins", 
  "J01XC": "Steroid antibacterials", 
  "V10A": "ANTIINFLAMMATORY AGENTS", 
  "J01XA": "Glycopeptide antibacterials", 
  "D10BA": "Retinoids for treatment of acne", 
  "J01C": "BETA-LACTAM ANTIBACTERIALS, PENICILLINS", 
  "D01B": "ANTIFUNGALS FOR SYSTEMIC USE", 
  "A06A": "DRUGS FOR CONSTIPATION", 
  "B05XX": "Other i.v. solution additives", 
  "P01BA": "Aminoquinolines", 
  "V09XX": "Various diagnostic radiopharmaceuticals", 
  "A14AA": "Androstan derivatives", 
  "B05XB": "Amino acids", 
  "B05XC": "Vitamins", 
  "C09DA": "Angiotensin II antagonists and diuretics", 
  "B05XA": "Electrolyte solutions", 
  "G04C": "DRUGS USED IN BENIGN PROSTATIC HYPERTROPHY", 
  "G04B": "UROLOGICALS", 
  "D10BX": "Other anti-acne preparations for systemic use", 
  "C01": "CARDIAC THERAPY", 
  "C02": "ANTIHYPERTENSIVES", 
  "C03": "DIURETICS", 
  "C04": "PERIPHERAL VASODILATORS", 
  "C05": "VASOPROTECTIVES", 
  "C07": "BETA BLOCKING AGENTS", 
  "G03XA": "Antigonadotropins and similar agents", 
  "J01FA": "Macrolides", 
  "G03XC": "Selective estrogen receptor modulators", 
  "G03XB": "Antiprogestogens", 
  "R03BB": "Anticholinergics", 
  "C01EA": "Prostaglandins", 
  "J01FF": "Lincosamides", 
  "R03BA": "Glucocorticoids", 
  "M03CA": "Dantrolene and derivatives", 
  "A01A": "STOMATOLOGICAL PREPARATIONS", 
  "M02AA": "Antiinflammatory preparations, non-steroids for topical use", 
  "A07XA": "Other antidiarrheals", 
  "M09AA": "Quinine and derivatives", 
  "N06BC": "Xanthine derivatives", 
  "N06BA": "Centrally acting sympathomimetics", 
  "P02BB": "Organophosphorous compounds", 
  "C01EX": "Other cardiac combination products", 
  "M02AC": "Preparations with salicylic acid derivatives", 
  "R03BX": "Other drugs for obstructive airway diseases, inhalants", 
  "P03AX": "Other ectoparasiticides, incl. scabicides"
}