{
  "C07CA": {
    "L2": "C07", 
    "L3": "C07C", 
    "L1": "C"
  }, 
  "C07CB": {
    "L2": "C07", 
    "L3": "C07C", 
    "L1": "C"
  }, 
  "M02AB": {
    "L2": "M02", 
    "L3": "M02A", 
    "L1": "M"
  }, 
  "B05DB": {
    "L2": "B05", 
    "L3": "B05D", 
    "L1": "B"
  }, 
  "D04A": {
    "L2": "D04", 
    "L1": "D"
  }, 
  "B05DA": {
    "L2": "B05", 
    "L3": "B05D", 
    "L1": "B"
  }, 
  "G01BE": {
    "L2": "G01", 
    "L3": "G01B", 
    "L1": "G"
  }, 
  "D01AC": {
    "L2": "D01", 
    "L3": "D01A", 
    "L1": "D"
  }, 
  "G01BF": {
    "L2": "G01", 
    "L3": "G01B", 
    "L1": "G"
  }, 
  "G01BA": {
    "L2": "G01", 
    "L3": "G01B", 
    "L1": "G"
  }, 
  "G01BC": {
    "L2": "G01", 
    "L3": "G01B", 
    "L1": "G"
  }, 
  "H02CA": {
    "L2": "H02", 
    "L3": "H02C", 
    "L1": "H"
  }, 
  "V09X": {
    "L2": "V09", 
    "L1": "V"
  }, 
  "M04": {
    "L1": "M"
  }, 
  "M01AE": {
    "L2": "M01", 
    "L3": "M01A", 
    "L1": "M"
  }, 
  "J06AA": {
    "L2": "J06", 
    "L3": "J06A", 
    "L1": "J"
  }, 
  "V08BA": {
    "L2": "V08", 
    "L3": "V08B", 
    "L1": "V"
  }, 
  "B06AB": {
    "L2": "B06", 
    "L3": "B06A", 
    "L1": "B"
  }, 
  "S01HA": {
    "L2": "S01", 
    "L3": "S01H", 
    "L1": "S"
  }, 
  "V06DX": {
    "L2": "V06", 
    "L3": "V06D", 
    "L1": "V"
  }, 
  "L01BB": {
    "L2": "L01", 
    "L3": "L01B", 
    "L1": "L"
  }, 
  "L01BC": {
    "L2": "L01", 
    "L3": "L01B", 
    "L1": "L"
  }, 
  "C02DB": {
    "L2": "C02", 
    "L3": "C02D", 
    "L1": "C"
  }, 
  "L01BA": {
    "L2": "L01", 
    "L3": "L01B", 
    "L1": "L"
  }, 
  "C02DD": {
    "L2": "C02", 
    "L3": "C02D", 
    "L1": "C"
  }, 
  "C02DG": {
    "L2": "C02", 
    "L3": "C02D", 
    "L1": "C"
  }, 
  "M05BC": {
    "L2": "M05", 
    "L3": "M05B", 
    "L1": "M"
  }, 
  "M05BB": {
    "L2": "M05", 
    "L3": "M05B", 
    "L1": "M"
  }, 
  "M05BA": {
    "L2": "M05", 
    "L3": "M05B", 
    "L1": "M"
  }, 
  "B06AA": {
    "L2": "B06", 
    "L3": "B06A", 
    "L1": "B"
  }, 
  "C07DA": {
    "L2": "C07", 
    "L3": "C07D", 
    "L1": "C"
  }, 
  "J05": {
    "L1": "J"
  }, 
  "C07DB": {
    "L2": "C07", 
    "L3": "C07D", 
    "L1": "C"
  }, 
  "N07CA": {
    "L2": "N07", 
    "L3": "N07C", 
    "L1": "N"
  }, 
  "D03": {
    "L1": "D"
  }, 
  "G03EA": {
    "L2": "G03", 
    "L3": "G03E", 
    "L1": "G"
  }, 
  "C05BA": {
    "L2": "C05", 
    "L3": "C05B", 
    "L1": "C"
  }, 
  "R07AB": {
    "L2": "R07", 
    "L3": "R07A", 
    "L1": "R"
  }, 
  "R07AA": {
    "L2": "R07", 
    "L3": "R07A", 
    "L1": "R"
  }, 
  "C05BB": {
    "L2": "C05", 
    "L3": "C05B", 
    "L1": "C"
  }, 
  "N05AE": {
    "L2": "N05", 
    "L3": "N05A", 
    "L1": "N"
  }, 
  "N05AD": {
    "L2": "N05", 
    "L3": "N05A", 
    "L1": "N"
  }, 
  "N05AG": {
    "L2": "N05", 
    "L3": "N05A", 
    "L1": "N"
  }, 
  "N05AF": {
    "L2": "N05", 
    "L3": "N05A", 
    "L1": "N"
  }, 
  "N05AA": {
    "L2": "N05", 
    "L3": "N05A", 
    "L1": "N"
  }, 
  "C05BX": {
    "L2": "C05", 
    "L3": "C05B", 
    "L1": "C"
  }, 
  "N05AC": {
    "L2": "N05", 
    "L3": "N05A", 
    "L1": "N"
  }, 
  "N05AB": {
    "L2": "N05", 
    "L3": "N05A", 
    "L1": "N"
  }, 
  "N05AL": {
    "L2": "N05", 
    "L3": "N05A", 
    "L1": "N"
  }, 
  "N05AN": {
    "L2": "N05", 
    "L3": "N05A", 
    "L1": "N"
  }, 
  "N05AH": {
    "L2": "N05", 
    "L3": "N05A", 
    "L1": "N"
  }, 
  "N02CA": {
    "L2": "N02", 
    "L3": "N02C", 
    "L1": "N"
  }, 
  "N02CB": {
    "L2": "N02", 
    "L3": "N02C", 
    "L1": "N"
  }, 
  "N02CC": {
    "L2": "N02", 
    "L3": "N02C", 
    "L1": "N"
  }, 
  "V06AA": {
    "L2": "V06", 
    "L3": "V06A", 
    "L1": "V"
  }, 
  "N06D": {
    "L2": "N06", 
    "L1": "N"
  }, 
  "A01AD": {
    "L2": "A01", 
    "L3": "A01A", 
    "L1": "A"
  }, 
  "J07X": {
    "L2": "J07", 
    "L1": "J"
  }, 
  "A01AB": {
    "L2": "A01", 
    "L3": "A01A", 
    "L1": "A"
  }, 
  "A01AC": {
    "L2": "A01", 
    "L3": "A01A", 
    "L1": "A"
  }, 
  "N06B": {
    "L2": "N06", 
    "L1": "N"
  }, 
  "A01AA": {
    "L2": "A01", 
    "L3": "A01A", 
    "L1": "A"
  }, 
  "S01CB": {
    "L2": "S01", 
    "L3": "S01C", 
    "L1": "S"
  }, 
  "S01CC": {
    "L2": "S01", 
    "L3": "S01C", 
    "L1": "S"
  }, 
  "M01AH": {
    "L2": "M01", 
    "L3": "M01A", 
    "L1": "M"
  }, 
  "S01CA": {
    "L2": "S01", 
    "L3": "S01C", 
    "L1": "S"
  }, 
  "N02CX": {
    "L2": "N02", 
    "L3": "N02C", 
    "L1": "N"
  }, 
  "J01CG": {
    "L2": "J01", 
    "L3": "J01C", 
    "L1": "J"
  }, 
  "S03A": {
    "L2": "S03", 
    "L1": "S"
  }, 
  "S03B": {
    "L2": "S03", 
    "L1": "S"
  }, 
  "J01CF": {
    "L2": "J01", 
    "L3": "J01C", 
    "L1": "J"
  }, 
  "M01CX": {
    "L2": "M01", 
    "L3": "M01C", 
    "L1": "M"
  }, 
  "V03AN": {
    "L2": "V03", 
    "L3": "V03A", 
    "L1": "V"
  }, 
  "V03AM": {
    "L2": "V03", 
    "L3": "V03A", 
    "L1": "V"
  }, 
  "A05C": {
    "L2": "A05", 
    "L1": "A"
  }, 
  "V03AK": {
    "L2": "V03", 
    "L3": "V03A", 
    "L1": "V"
  }, 
  "V03AH": {
    "L2": "V03", 
    "L3": "V03A", 
    "L1": "V"
  }, 
  "V03AG": {
    "L2": "V03", 
    "L3": "V03A", 
    "L1": "V"
  }, 
  "A12CA": {
    "L2": "A12", 
    "L3": "A12C", 
    "L1": "A"
  }, 
  "A12CB": {
    "L2": "A12", 
    "L3": "A12C", 
    "L1": "A"
  }, 
  "A12CC": {
    "L2": "A12", 
    "L3": "A12C", 
    "L1": "A"
  }, 
  "V03AC": {
    "L2": "V03", 
    "L3": "V03A", 
    "L1": "V"
  }, 
  "V03AB": {
    "L2": "V03", 
    "L3": "V03A", 
    "L1": "V"
  }, 
  "A12CX": {
    "L2": "A12", 
    "L3": "A12C", 
    "L1": "A"
  }, 
  "A11ED": {
    "L2": "A11", 
    "L3": "A11E", 
    "L1": "A"
  }, 
  "A11EA": {
    "L2": "A11", 
    "L3": "A11E", 
    "L1": "A"
  }, 
  "V03AZ": {
    "L2": "V03", 
    "L3": "V03A", 
    "L1": "V"
  }, 
  "A11EC": {
    "L2": "A11", 
    "L3": "A11E", 
    "L1": "A"
  }, 
  "A11EB": {
    "L2": "A11", 
    "L3": "A11E", 
    "L1": "A"
  }, 
  "J01EA": {
    "L2": "J01", 
    "L3": "J01E", 
    "L1": "J"
  }, 
  "M01CA": {
    "L2": "M01", 
    "L3": "M01C", 
    "L1": "M"
  }, 
  "M01CB": {
    "L2": "M01", 
    "L3": "M01C", 
    "L1": "M"
  }, 
  "J01EB": {
    "L2": "J01", 
    "L3": "J01E", 
    "L1": "J"
  }, 
  "J01EE": {
    "L2": "J01", 
    "L3": "J01E", 
    "L1": "J"
  }, 
  "J01ED": {
    "L2": "J01", 
    "L3": "J01E", 
    "L1": "J"
  }, 
  "R05FB": {
    "L2": "R05", 
    "L3": "R05F", 
    "L1": "R"
  }, 
  "D02": {
    "L1": "D"
  }, 
  "H05B": {
    "L2": "H05", 
    "L1": "H"
  }, 
  "H03CA": {
    "L2": "H03", 
    "L3": "H03C", 
    "L1": "H"
  }, 
  "J01FA": {
    "L2": "J01", 
    "L3": "J01F", 
    "L1": "J"
  }, 
  "D05A": {
    "L2": "D05", 
    "L1": "D"
  }, 
  "P01BA": {
    "L2": "P01", 
    "L3": "P01B", 
    "L1": "P"
  }, 
  "G03FB": {
    "L2": "G03", 
    "L3": "G03F", 
    "L1": "G"
  }, 
  "A07EA": {
    "L2": "A07", 
    "L3": "A07E", 
    "L1": "A"
  }, 
  "A07EB": {
    "L2": "A07", 
    "L3": "A07E", 
    "L1": "A"
  }, 
  "A07EC": {
    "L2": "A07", 
    "L3": "A07E", 
    "L1": "A"
  }, 
  "R03DB": {
    "L2": "R03", 
    "L3": "R03D", 
    "L1": "R"
  }, 
  "R07A": {
    "L2": "R07", 
    "L1": "R"
  }, 
  "R06": {
    "L1": "R"
  }, 
  "N05": {
    "L1": "N"
  }, 
  "N04": {
    "L1": "N"
  }, 
  "N07": {
    "L1": "N"
  }, 
  "N06": {
    "L1": "N"
  }, 
  "N01": {
    "L1": "N"
  }, 
  "D08A": {
    "L2": "D08", 
    "L1": "D"
  }, 
  "N03": {
    "L1": "N"
  }, 
  "N02": {
    "L1": "N"
  }, 
  "R06AB": {
    "L2": "R06", 
    "L3": "R06A", 
    "L1": "R"
  }, 
  "R06AC": {
    "L2": "R06", 
    "L3": "R06A", 
    "L1": "R"
  }, 
  "G03CB": {
    "L2": "G03", 
    "L3": "G03C", 
    "L1": "G"
  }, 
  "R06AA": {
    "L2": "R06", 
    "L3": "R06A", 
    "L1": "R"
  }, 
  "R06AD": {
    "L2": "R06", 
    "L3": "R06A", 
    "L1": "R"
  }, 
  "R06AE": {
    "L2": "R06", 
    "L3": "R06A", 
    "L1": "R"
  }, 
  "N04AA": {
    "L2": "N04", 
    "L3": "N04A", 
    "L1": "N"
  }, 
  "N04AB": {
    "L2": "N04", 
    "L3": "N04A", 
    "L1": "N"
  }, 
  "N04AC": {
    "L2": "N04", 
    "L3": "N04A", 
    "L1": "N"
  }, 
  "A10BX": {
    "L2": "A10", 
    "L3": "A10B", 
    "L1": "A"
  }, 
  "J07BJ": {
    "L2": "J07", 
    "L3": "J07B", 
    "L1": "J"
  }, 
  "J07BK": {
    "L2": "J07", 
    "L3": "J07B", 
    "L1": "J"
  }, 
  "A10BG": {
    "L2": "A10", 
    "L3": "A10B", 
    "L1": "A"
  }, 
  "A10BF": {
    "L2": "A10", 
    "L3": "A10B", 
    "L1": "A"
  }, 
  "A10BA": {
    "L2": "A10", 
    "L3": "A10B", 
    "L1": "A"
  }, 
  "A12BA": {
    "L2": "A12", 
    "L3": "A12B", 
    "L1": "A"
  }, 
  "A10BC": {
    "L2": "A10", 
    "L3": "A10B", 
    "L1": "A"
  }, 
  "J07BM": {
    "L2": "J07", 
    "L3": "J07B", 
    "L1": "J"
  }, 
  "M09AB": {
    "L2": "M09", 
    "L3": "M09A", 
    "L1": "M"
  }, 
  "J07BC": {
    "L2": "J07", 
    "L3": "J07B", 
    "L1": "J"
  }, 
  "R06AX": {
    "L2": "R06", 
    "L3": "R06A", 
    "L1": "R"
  }, 
  "J07BA": {
    "L2": "J07", 
    "L3": "J07B", 
    "L1": "J"
  }, 
  "J07BF": {
    "L2": "J07", 
    "L3": "J07B", 
    "L1": "J"
  }, 
  "J07BG": {
    "L2": "J07", 
    "L3": "J07B", 
    "L1": "J"
  }, 
  "J07BD": {
    "L2": "J07", 
    "L3": "J07B", 
    "L1": "J"
  }, 
  "J07BE": {
    "L2": "J07", 
    "L3": "J07B", 
    "L1": "J"
  }, 
  "A11BA": {
    "L2": "A11", 
    "L3": "A11B", 
    "L1": "A"
  }, 
  "D01BA": {
    "L2": "D01", 
    "L3": "D01B", 
    "L1": "D"
  }, 
  "M03BA": {
    "L2": "M03", 
    "L3": "M03B", 
    "L1": "M"
  }, 
  "M03BC": {
    "L2": "M03", 
    "L3": "M03B", 
    "L1": "M"
  }, 
  "M03BB": {
    "L2": "M03", 
    "L3": "M03B", 
    "L1": "M"
  }, 
  "L03A": {
    "L2": "L03", 
    "L1": "L"
  }, 
  "C01AA": {
    "L2": "C01", 
    "L3": "C01A", 
    "L1": "C"
  }, 
  "C01AB": {
    "L2": "C01", 
    "L3": "C01A", 
    "L1": "C"
  }, 
  "C01AC": {
    "L2": "C01", 
    "L3": "C01A", 
    "L1": "C"
  }, 
  "C08DB": {
    "L2": "C08", 
    "L3": "C08D", 
    "L1": "C"
  }, 
  "C08DA": {
    "L2": "C08", 
    "L3": "C08D", 
    "L1": "C"
  }, 
  "G03DA": {
    "L2": "G03", 
    "L3": "G03D", 
    "L1": "G"
  }, 
  "J04": {
    "L1": "J"
  }, 
  "G03DC": {
    "L2": "G03", 
    "L3": "G03D", 
    "L1": "G"
  }, 
  "G03DB": {
    "L2": "G03", 
    "L3": "G03D", 
    "L1": "G"
  }, 
  "D10AA": {
    "L2": "D10", 
    "L3": "D10A", 
    "L1": "D"
  }, 
  "D10AB": {
    "L2": "D10", 
    "L3": "D10A", 
    "L1": "D"
  }, 
  "D10AE": {
    "L2": "D10", 
    "L3": "D10A", 
    "L1": "D"
  }, 
  "D10AD": {
    "L2": "D10", 
    "L3": "D10A", 
    "L1": "D"
  }, 
  "D10AF": {
    "L2": "D10", 
    "L3": "D10A", 
    "L1": "D"
  }, 
  "C10AA": {
    "L2": "C10", 
    "L3": "C10A", 
    "L1": "C"
  }, 
  "M05BX": {
    "L2": "M05", 
    "L3": "M05B", 
    "L1": "M"
  }, 
  "N07XX": {
    "L2": "N07", 
    "L3": "N07X", 
    "L1": "N"
  }, 
  "J07B": {
    "L2": "J07", 
    "L1": "J"
  }, 
  "H01AC": {
    "L2": "H01", 
    "L3": "H01A", 
    "L1": "H"
  }, 
  "H01AB": {
    "L2": "H01", 
    "L3": "H01A", 
    "L1": "H"
  }, 
  "H01AA": {
    "L2": "H01", 
    "L3": "H01A", 
    "L1": "H"
  }, 
  "H01AX": {
    "L2": "H01", 
    "L3": "H01A", 
    "L1": "H"
  }, 
  "N07XA": {
    "L2": "N07", 
    "L3": "N07X", 
    "L1": "N"
  }, 
  "V04B": {
    "L2": "V04", 
    "L1": "V"
  }, 
  "V04C": {
    "L2": "V04", 
    "L1": "V"
  }, 
  "L02": {
    "L1": "L"
  }, 
  "J07A": {
    "L2": "J07", 
    "L1": "J"
  }, 
  "V08C": {
    "L2": "V08", 
    "L1": "V"
  }, 
  "P01CX": {
    "L2": "P01", 
    "L3": "P01C", 
    "L1": "P"
  }, 
  "C02KX": {
    "L2": "C02", 
    "L3": "C02K", 
    "L1": "C"
  }, 
  "P01CD": {
    "L2": "P01", 
    "L3": "P01C", 
    "L1": "P"
  }, 
  "P01CA": {
    "L2": "P01", 
    "L3": "P01C", 
    "L1": "P"
  }, 
  "P01CC": {
    "L2": "P01", 
    "L3": "P01C", 
    "L1": "P"
  }, 
  "P01CB": {
    "L2": "P01", 
    "L3": "P01C", 
    "L1": "P"
  }, 
  "J01FF": {
    "L2": "J01", 
    "L3": "J01F", 
    "L1": "J"
  }, 
  "D01": {
    "L1": "D"
  }, 
  "G01B": {
    "L2": "G01", 
    "L1": "G"
  }, 
  "C03EB": {
    "L2": "C03", 
    "L3": "C03E", 
    "L1": "C"
  }, 
  "M02": {
    "L1": "M"
  }, 
  "H04A": {
    "L2": "H04", 
    "L1": "H"
  }, 
  "A12B": {
    "L2": "A12", 
    "L1": "A"
  }, 
  "P03AA": {
    "L2": "P03", 
    "L3": "P03A", 
    "L1": "P"
  }, 
  "S01J": {
    "L2": "S01", 
    "L1": "S"
  }, 
  "P03AC": {
    "L2": "P03", 
    "L3": "P03A", 
    "L1": "P"
  }, 
  "P03AB": {
    "L2": "P03", 
    "L3": "P03A", 
    "L1": "P"
  }, 
  "M04A": {
    "L2": "M04", 
    "L1": "M"
  }, 
  "V09AB": {
    "L2": "V09", 
    "L3": "V09A", 
    "L1": "V"
  }, 
  "N06BC": {
    "L2": "N06", 
    "L3": "N06B", 
    "L1": "N"
  }, 
  "M03B": {
    "L2": "M03", 
    "L1": "M"
  }, 
  "A07BA": {
    "L2": "A07", 
    "L3": "A07B", 
    "L1": "A"
  }, 
  "A07BC": {
    "L2": "A07", 
    "L3": "A07B", 
    "L1": "A"
  }, 
  "A07BB": {
    "L2": "A07", 
    "L3": "A07B", 
    "L1": "A"
  }, 
  "D11AX": {
    "L2": "D11", 
    "L3": "D11A", 
    "L1": "D"
  }, 
  "D07BB": {
    "L2": "D07", 
    "L3": "D07B", 
    "L1": "D"
  }, 
  "M01A": {
    "L2": "M01", 
    "L1": "M"
  }, 
  "B05BA": {
    "L2": "B05", 
    "L3": "B05B", 
    "L1": "B"
  }, 
  "L02BA": {
    "L2": "L02", 
    "L3": "L02B", 
    "L1": "L"
  }, 
  "S02AA": {
    "L2": "S02", 
    "L3": "S02A", 
    "L1": "S"
  }, 
  "D07BC": {
    "L2": "D07", 
    "L3": "D07B", 
    "L1": "D"
  }, 
  "V09DA": {
    "L2": "V09", 
    "L3": "V09D", 
    "L1": "V"
  }, 
  "A14AA": {
    "L2": "A14", 
    "L3": "A14A", 
    "L1": "A"
  }, 
  "A14AB": {
    "L2": "A14", 
    "L3": "A14A", 
    "L1": "A"
  }, 
  "B05BC": {
    "L2": "B05", 
    "L3": "B05B", 
    "L1": "B"
  }, 
  "D11AH": {
    "L2": "D11", 
    "L3": "D11A", 
    "L1": "D"
  }, 
  "D11AE": {
    "L2": "D11", 
    "L3": "D11A", 
    "L1": "D"
  }, 
  "D11AF": {
    "L2": "D11", 
    "L3": "D11A", 
    "L1": "D"
  }, 
  "M02AC": {
    "L2": "M02", 
    "L3": "M02A", 
    "L1": "M"
  }, 
  "B01A": {
    "L2": "B01", 
    "L1": "B"
  }, 
  "D11AA": {
    "L2": "D11", 
    "L3": "D11A", 
    "L1": "D"
  }, 
  "D11AC": {
    "L2": "D11", 
    "L3": "D11A", 
    "L1": "D"
  }, 
  "N04BA": {
    "L2": "N04", 
    "L3": "N04B", 
    "L1": "N"
  }, 
  "N04BC": {
    "L2": "N04", 
    "L3": "N04B", 
    "L1": "N"
  }, 
  "N04BB": {
    "L2": "N04", 
    "L3": "N04B", 
    "L1": "N"
  }, 
  "N04BD": {
    "L2": "N04", 
    "L3": "N04B", 
    "L1": "N"
  }, 
  "G03X": {
    "L2": "G03", 
    "L1": "G"
  }, 
  "D02A": {
    "L2": "D02", 
    "L1": "D"
  }, 
  "R03DX": {
    "L2": "R03", 
    "L3": "R03D", 
    "L1": "R"
  }, 
  "G03A": {
    "L2": "G03", 
    "L1": "G"
  }, 
  "G03B": {
    "L2": "G03", 
    "L1": "G"
  }, 
  "G03C": {
    "L2": "G03", 
    "L1": "G"
  }, 
  "G03D": {
    "L2": "G03", 
    "L1": "G"
  }, 
  "A07DA": {
    "L2": "A07", 
    "L3": "A07D", 
    "L1": "A"
  }, 
  "G03F": {
    "L2": "G03", 
    "L1": "G"
  }, 
  "G03G": {
    "L2": "G03", 
    "L1": "G"
  }, 
  "A11AA": {
    "L2": "A11", 
    "L3": "A11A", 
    "L1": "A"
  }, 
  "N04BX": {
    "L2": "N04", 
    "L3": "N04B", 
    "L1": "N"
  }, 
  "A11AB": {
    "L2": "A11", 
    "L3": "A11A", 
    "L1": "A"
  }, 
  "N04B": {
    "L2": "N04", 
    "L1": "N"
  }, 
  "R03AC": {
    "L2": "R03", 
    "L3": "R03A", 
    "L1": "R"
  }, 
  "V07AS": {
    "L2": "V07", 
    "L3": "V07A", 
    "L1": "V"
  }, 
  "R03AA": {
    "L2": "R03", 
    "L3": "R03A", 
    "L1": "R"
  }, 
  "C01BB": {
    "L2": "C01", 
    "L3": "C01B", 
    "L1": "C"
  }, 
  "V01": {
    "L1": "V"
  }, 
  "C01BD": {
    "L2": "C01", 
    "L3": "C01B", 
    "L1": "C"
  }, 
  "C01BG": {
    "L2": "C01", 
    "L3": "C01B", 
    "L1": "C"
  }, 
  "R03AK": {
    "L2": "R03", 
    "L3": "R03A", 
    "L1": "R"
  }, 
  "C08CA": {
    "L2": "C08", 
    "L3": "C08C", 
    "L1": "C"
  }, 
  "R03AH": {
    "L2": "R03", 
    "L3": "R03A", 
    "L1": "R"
  }, 
  "V09": {
    "L1": "V"
  }, 
  "A11C": {
    "L2": "A11", 
    "L1": "A"
  }, 
  "J07C": {
    "L2": "J07", 
    "L1": "J"
  }, 
  "J06B": {
    "L2": "J06", 
    "L1": "J"
  }, 
  "C08CX": {
    "L2": "C08", 
    "L3": "C08C", 
    "L1": "C"
  }, 
  "S01X": {
    "L2": "S01", 
    "L1": "S"
  }, 
  "G02CA": {
    "L2": "G02", 
    "L3": "G02C", 
    "L1": "G"
  }, 
  "P02CC": {
    "L2": "P02", 
    "L3": "P02C", 
    "L1": "P"
  }, 
  "G02CC": {
    "L2": "G02", 
    "L3": "G02C", 
    "L1": "G"
  }, 
  "P02CA": {
    "L2": "P02", 
    "L3": "P02C", 
    "L1": "P"
  }, 
  "P02CF": {
    "L2": "P02", 
    "L3": "P02C", 
    "L1": "P"
  }, 
  "L01AB": {
    "L2": "L01", 
    "L3": "L01A", 
    "L1": "L"
  }, 
  "C01BA": {
    "L2": "C01", 
    "L3": "C01B", 
    "L1": "C"
  }, 
  "B06": {
    "L1": "B"
  }, 
  "G02CX": {
    "L2": "G02", 
    "L3": "G02C", 
    "L1": "G"
  }, 
  "H01C": {
    "L2": "H01", 
    "L1": "H"
  }, 
  "V07AT": {
    "L2": "V07", 
    "L3": "V07A", 
    "L1": "V"
  }, 
  "P02CX": {
    "L2": "P02", 
    "L3": "P02C", 
    "L1": "P"
  }, 
  "N05AX": {
    "L2": "N05", 
    "L3": "N05A", 
    "L1": "N"
  }, 
  "C05A": {
    "L2": "C05", 
    "L1": "C"
  }, 
  "P01C": {
    "L2": "P01", 
    "L1": "P"
  }, 
  "P01B": {
    "L2": "P01", 
    "L1": "P"
  }, 
  "P01A": {
    "L2": "P01", 
    "L1": "P"
  }, 
  "V07AZ": {
    "L2": "V07", 
    "L3": "V07A", 
    "L1": "V"
  }, 
  "M03": {
    "L1": "M"
  }, 
  "A11JB": {
    "L2": "A11", 
    "L3": "A11J", 
    "L1": "A"
  }, 
  "G03XB": {
    "L2": "G03", 
    "L3": "G03X", 
    "L1": "G"
  }, 
  "D03A": {
    "L2": "D03", 
    "L1": "D"
  }, 
  "A08": {
    "L1": "A"
  }, 
  "V07AX": {
    "L2": "V07", 
    "L3": "V07A", 
    "L1": "V"
  }, 
  "V03": {
    "L1": "V"
  }, 
  "A02": {
    "L1": "A"
  }, 
  "A03": {
    "L1": "A"
  }, 
  "V10AA": {
    "L2": "V10", 
    "L3": "V10A", 
    "L1": "V"
  }, 
  "A01": {
    "L1": "A"
  }, 
  "D06AA": {
    "L2": "D06", 
    "L3": "D06A", 
    "L1": "D"
  }, 
  "A07": {
    "L1": "A"
  }, 
  "A04": {
    "L1": "A"
  }, 
  "S03AA": {
    "L2": "S03", 
    "L3": "S03A", 
    "L1": "S"
  }, 
  "V04": {
    "L1": "V"
  }, 
  "C07E": {
    "L2": "C07", 
    "L1": "C"
  }, 
  "V10AX": {
    "L2": "V10", 
    "L3": "V10A", 
    "L1": "V"
  }, 
  "A02A": {
    "L2": "A02", 
    "L1": "A"
  }, 
  "J05AX": {
    "L2": "J05", 
    "L3": "J05A", 
    "L1": "J"
  }, 
  "C07CG": {
    "L2": "C07", 
    "L3": "C07C", 
    "L1": "C"
  }, 
  "B05A": {
    "L2": "B05", 
    "L1": "B"
  }, 
  "S01L": {
    "L2": "S01", 
    "L1": "S"
  }, 
  "B05C": {
    "L2": "B05", 
    "L1": "B"
  }, 
  "B05B": {
    "L2": "B05", 
    "L1": "B"
  }, 
  "D04AB": {
    "L2": "D04", 
    "L3": "D04A", 
    "L1": "D"
  }, 
  "B05D": {
    "L2": "B05", 
    "L1": "B"
  }, 
  "H01A": {
    "L2": "H01", 
    "L1": "H"
  }, 
  "D04AA": {
    "L2": "D04", 
    "L3": "D04A", 
    "L1": "D"
  }, 
  "R07AX": {
    "L2": "R07", 
    "L3": "R07A", 
    "L1": "R"
  }, 
  "C05CA": {
    "L2": "C05", 
    "L3": "C05C", 
    "L1": "C"
  }, 
  "C10AX": {
    "L2": "C10", 
    "L3": "C10A", 
    "L1": "C"
  }, 
  "C05CX": {
    "L2": "C05", 
    "L3": "C05C", 
    "L1": "C"
  }, 
  "B05ZA": {
    "L2": "B05", 
    "L3": "B05Z", 
    "L1": "B"
  }, 
  "G03H": {
    "L2": "G03", 
    "L1": "G"
  }, 
  "B05Z": {
    "L2": "B05", 
    "L1": "B"
  }, 
  "D04AX": {
    "L2": "D04", 
    "L3": "D04A", 
    "L1": "D"
  }, 
  "A06AA": {
    "L2": "A06", 
    "L3": "A06A", 
    "L1": "A"
  }, 
  "J05AA": {
    "L2": "J05", 
    "L3": "J05A", 
    "L1": "J"
  }, 
  "A06AC": {
    "L2": "A06", 
    "L3": "A06A", 
    "L1": "A"
  }, 
  "A06AB": {
    "L2": "A06", 
    "L3": "A06A", 
    "L1": "A"
  }, 
  "R02AB": {
    "L2": "R02", 
    "L3": "R02A", 
    "L1": "R"
  }, 
  "A06AD": {
    "L2": "A06", 
    "L3": "A06A", 
    "L1": "A"
  }, 
  "A06AG": {
    "L2": "A06", 
    "L3": "A06A", 
    "L1": "A"
  }, 
  "R02AA": {
    "L2": "R02", 
    "L3": "R02A", 
    "L1": "R"
  }, 
  "B01AE": {
    "L2": "B01", 
    "L3": "B01A", 
    "L1": "B"
  }, 
  "B01AD": {
    "L2": "B01", 
    "L3": "B01A", 
    "L1": "B"
  }, 
  "B01AF": {
    "L2": "B01", 
    "L3": "B01A", 
    "L1": "B"
  }, 
  "B01AA": {
    "L2": "B01", 
    "L3": "B01A", 
    "L1": "B"
  }, 
  "J01RA": {
    "L2": "J01", 
    "L3": "J01R", 
    "L1": "J"
  }, 
  "B01AC": {
    "L2": "B01", 
    "L3": "B01A", 
    "L1": "B"
  }, 
  "B01AB": {
    "L2": "B01", 
    "L3": "B01A", 
    "L1": "B"
  }, 
  "J05AB": {
    "L2": "J05", 
    "L3": "J05A", 
    "L1": "J"
  }, 
  "N07B": {
    "L2": "N07", 
    "L1": "N"
  }, 
  "B01AX": {
    "L2": "B01", 
    "L3": "B01A", 
    "L1": "B"
  }, 
  "B02B": {
    "L2": "B02", 
    "L1": "B"
  }, 
  "N07X": {
    "L2": "N07", 
    "L1": "N"
  }, 
  "A06AX": {
    "L2": "A06", 
    "L3": "A06A", 
    "L1": "A"
  }, 
  "S02D": {
    "L2": "S02", 
    "L1": "S"
  }, 
  "S02C": {
    "L2": "S02", 
    "L1": "S"
  }, 
  "S02B": {
    "L2": "S02", 
    "L1": "S"
  }, 
  "R02AX": {
    "L2": "R02", 
    "L3": "R02A", 
    "L1": "R"
  }, 
  "J04A": {
    "L2": "J04", 
    "L1": "J"
  }, 
  "R01": {
    "L1": "R"
  }, 
  "D03B": {
    "L2": "D03", 
    "L1": "D"
  }, 
  "C10BX": {
    "L2": "C10", 
    "L3": "C10B", 
    "L1": "C"
  }, 
  "N06CA": {
    "L2": "N06", 
    "L3": "N06C", 
    "L1": "N"
  }, 
  "N06CB": {
    "L2": "N06", 
    "L3": "N06C", 
    "L1": "N"
  }, 
  "C01B": {
    "L2": "C01", 
    "L1": "C"
  }, 
  "C01C": {
    "L2": "C01", 
    "L1": "C"
  }, 
  "L04AD": {
    "L2": "L04", 
    "L3": "L04A", 
    "L1": "L"
  }, 
  "C01A": {
    "L2": "C01", 
    "L1": "C"
  }, 
  "L04AB": {
    "L2": "L04", 
    "L3": "L04A", 
    "L1": "L"
  }, 
  "L04AC": {
    "L2": "L04", 
    "L3": "L04A", 
    "L1": "L"
  }, 
  "C01D": {
    "L2": "C01", 
    "L1": "C"
  }, 
  "L04AA": {
    "L2": "L04", 
    "L3": "L04A", 
    "L1": "L"
  }, 
  "J01R": {
    "L2": "J01", 
    "L1": "J"
  }, 
  "P02CB": {
    "L2": "P02", 
    "L3": "P02C", 
    "L1": "P"
  }, 
  "V08A": {
    "L2": "V08", 
    "L1": "V"
  }, 
  "R02": {
    "L1": "R"
  }, 
  "J05A": {
    "L2": "J05", 
    "L1": "J"
  }, 
  "L04AX": {
    "L2": "L04", 
    "L3": "L04A", 
    "L1": "L"
  }, 
  "H02B": {
    "L2": "H02", 
    "L1": "H"
  }, 
  "V09GB": {
    "L2": "V09", 
    "L3": "V09G", 
    "L1": "V"
  }, 
  "V09GA": {
    "L2": "V09", 
    "L3": "V09G", 
    "L1": "V"
  }, 
  "H02A": {
    "L2": "H02", 
    "L1": "H"
  }, 
  "H05": {
    "L1": "H"
  }, 
  "C03CD": {
    "L2": "C03", 
    "L3": "C03C", 
    "L1": "C"
  }, 
  "G02CB": {
    "L2": "G02", 
    "L3": "G02C", 
    "L1": "G"
  }, 
  "G04BX": {
    "L2": "G04", 
    "L3": "G04B", 
    "L1": "G"
  }, 
  "C03CA": {
    "L2": "C03", 
    "L3": "C03C", 
    "L1": "C"
  }, 
  "C03CB": {
    "L2": "C03", 
    "L3": "C03C", 
    "L1": "C"
  }, 
  "C03CC": {
    "L2": "C03", 
    "L3": "C03C", 
    "L1": "C"
  }, 
  "A13A": {
    "L2": "A13", 
    "L1": "A"
  }, 
  "L01D": {
    "L2": "L01", 
    "L1": "L"
  }, 
  "B03AA": {
    "L2": "B03", 
    "L3": "B03A", 
    "L1": "B"
  }, 
  "A09": {
    "L1": "A"
  }, 
  "A03ED": {
    "L2": "A03", 
    "L3": "A03E", 
    "L1": "A"
  }, 
  "D01B": {
    "L2": "D01", 
    "L1": "D"
  }, 
  "C03C": {
    "L2": "C03", 
    "L1": "C"
  }, 
  "A03EA": {
    "L2": "A03", 
    "L3": "A03E", 
    "L1": "A"
  }, 
  "G04BD": {
    "L2": "G04", 
    "L3": "G04B", 
    "L1": "G"
  }, 
  "G04BE": {
    "L2": "G04", 
    "L3": "G04B", 
    "L1": "G"
  }, 
  "C08G": {
    "L2": "C08", 
    "L1": "C"
  }, 
  "P02CE": {
    "L2": "P02", 
    "L3": "P02C", 
    "L1": "P"
  }, 
  "J02AB": {
    "L2": "J02", 
    "L3": "J02A", 
    "L1": "J"
  }, 
  "G04BA": {
    "L2": "G04", 
    "L3": "G04B", 
    "L1": "G"
  }, 
  "C08C": {
    "L2": "C08", 
    "L1": "C"
  }, 
  "J02AA": {
    "L2": "J02", 
    "L3": "J02A", 
    "L1": "J"
  }, 
  "C10A": {
    "L2": "C10", 
    "L1": "C"
  }, 
  "J01GA": {
    "L2": "J01", 
    "L3": "J01G", 
    "L1": "J"
  }, 
  "B05X": {
    "L2": "B05", 
    "L1": "B"
  }, 
  "A04AA": {
    "L2": "A04", 
    "L3": "A04A", 
    "L1": "A"
  }, 
  "A10BD": {
    "L2": "A10", 
    "L3": "A10B", 
    "L1": "A"
  }, 
  "B01": {
    "L1": "B"
  }, 
  "H01": {
    "L1": "H"
  }, 
  "N06A": {
    "L2": "N06", 
    "L1": "N"
  }, 
  "N06C": {
    "L2": "N06", 
    "L1": "N"
  }, 
  "C02BB": {
    "L2": "C02", 
    "L3": "C02B", 
    "L1": "C"
  }, 
  "C02BC": {
    "L2": "C02", 
    "L3": "C02B", 
    "L1": "C"
  }, 
  "C10B": {
    "L2": "C10", 
    "L1": "C"
  }, 
  "C02BA": {
    "L2": "C02", 
    "L3": "C02B", 
    "L1": "C"
  }, 
  "J07AG": {
    "L2": "J07", 
    "L3": "J07A", 
    "L1": "J"
  }, 
  "C09AA": {
    "L2": "C09", 
    "L3": "C09A", 
    "L1": "C"
  }, 
  "J07AE": {
    "L2": "J07", 
    "L3": "J07A", 
    "L1": "J"
  }, 
  "J07AD": {
    "L2": "J07", 
    "L3": "J07A", 
    "L1": "J"
  }, 
  "J07AC": {
    "L2": "J07", 
    "L3": "J07A", 
    "L1": "J"
  }, 
  "M03CA": {
    "L2": "M03", 
    "L3": "M03C", 
    "L1": "M"
  }, 
  "J07AN": {
    "L2": "J07", 
    "L3": "J07A", 
    "L1": "J"
  }, 
  "J07AM": {
    "L2": "J07", 
    "L3": "J07A", 
    "L1": "J"
  }, 
  "J07AL": {
    "L2": "J07", 
    "L3": "J07A", 
    "L1": "J"
  }, 
  "J07AK": {
    "L2": "J07", 
    "L3": "J07A", 
    "L1": "J"
  }, 
  "J07AJ": {
    "L2": "J07", 
    "L3": "J07A", 
    "L1": "J"
  }, 
  "D01AA": {
    "L2": "D01", 
    "L3": "D01A", 
    "L1": "D"
  }, 
  "J07AH": {
    "L2": "J07", 
    "L3": "J07A", 
    "L1": "J"
  }, 
  "J01MA": {
    "L2": "J01", 
    "L3": "J01M", 
    "L1": "J"
  }, 
  "B06AC": {
    "L2": "B06", 
    "L3": "B06A", 
    "L1": "B"
  }, 
  "J01MB": {
    "L2": "J01", 
    "L3": "J01M", 
    "L1": "J"
  }, 
  "G03EB": {
    "L2": "G03", 
    "L3": "G03E", 
    "L1": "G"
  }, 
  "J07AR": {
    "L2": "J07", 
    "L3": "J07A", 
    "L1": "J"
  }, 
  "J07AP": {
    "L2": "J07", 
    "L3": "J07A", 
    "L1": "J"
  }, 
  "A10XA": {
    "L2": "A10", 
    "L3": "A10X", 
    "L1": "A"
  }, 
  "V09XA": {
    "L2": "V09", 
    "L3": "V09X", 
    "L1": "V"
  }, 
  "G03EK": {
    "L2": "G03", 
    "L3": "G03E", 
    "L1": "G"
  }, 
  "C08GA": {
    "L2": "C08", 
    "L3": "C08G", 
    "L1": "C"
  }, 
  "J07AX": {
    "L2": "J07", 
    "L3": "J07A", 
    "L1": "J"
  }, 
  "A11H": {
    "L2": "A11", 
    "L1": "A"
  }, 
  "D06": {
    "L1": "D"
  }, 
  "D05": {
    "L1": "D"
  }, 
  "D04": {
    "L1": "D"
  }, 
  "D05BB": {
    "L2": "D05", 
    "L3": "D05B", 
    "L1": "D"
  }, 
  "D05B": {
    "L2": "D05", 
    "L1": "D"
  }, 
  "V08CX": {
    "L2": "V08", 
    "L3": "V08C", 
    "L1": "V"
  }, 
  "D05BA": {
    "L2": "D05", 
    "L3": "D05B", 
    "L1": "D"
  }, 
  "B03": {
    "L1": "B"
  }, 
  "A03E": {
    "L2": "A03", 
    "L1": "A"
  }, 
  "D09": {
    "L1": "D"
  }, 
  "D08": {
    "L1": "D"
  }, 
  "S03D": {
    "L2": "S03", 
    "L1": "S"
  }, 
  "S01G": {
    "L2": "S01", 
    "L1": "S"
  }, 
  "D07CB": {
    "L2": "D07", 
    "L3": "D07C", 
    "L1": "D"
  }, 
  "H02C": {
    "L2": "H02", 
    "L1": "H"
  }, 
  "V08CB": {
    "L2": "V08", 
    "L3": "V08C", 
    "L1": "V"
  }, 
  "D05BX": {
    "L2": "D05", 
    "L3": "D05B", 
    "L1": "D"
  }, 
  "V08CA": {
    "L2": "V08", 
    "L3": "V08C", 
    "L1": "V"
  }, 
  "V07AC": {
    "L2": "V07", 
    "L3": "V07A", 
    "L1": "V"
  }, 
  "V07AB": {
    "L2": "V07", 
    "L3": "V07A", 
    "L1": "V"
  }, 
  "V07AA": {
    "L2": "V07", 
    "L3": "V07A", 
    "L1": "V"
  }, 
  "A03A": {
    "L2": "A03", 
    "L1": "A"
  }, 
  "J06BC": {
    "L2": "J06", 
    "L3": "J06B", 
    "L1": "J"
  }, 
  "J06BB": {
    "L2": "J06", 
    "L3": "J06B", 
    "L1": "J"
  }, 
  "J06BA": {
    "L2": "J06", 
    "L3": "J06B", 
    "L1": "J"
  }, 
  "V07AD": {
    "L2": "V07", 
    "L3": "V07A", 
    "L1": "V"
  }, 
  "V07AN": {
    "L2": "V07", 
    "L3": "V07A", 
    "L1": "V"
  }, 
  "L01AX": {
    "L2": "L01", 
    "L3": "L01A", 
    "L1": "L"
  }, 
  "L01AG": {
    "L2": "L01", 
    "L3": "L01A", 
    "L1": "L"
  }, 
  "V07AR": {
    "L2": "V07", 
    "L3": "V07A", 
    "L1": "V"
  }, 
  "D07CA": {
    "L2": "D07", 
    "L3": "D07C", 
    "L1": "D"
  }, 
  "L01AD": {
    "L2": "L01", 
    "L3": "L01A", 
    "L1": "L"
  }, 
  "L01AC": {
    "L2": "L01", 
    "L3": "L01A", 
    "L1": "L"
  }, 
  "V07AV": {
    "L2": "V07", 
    "L3": "V07A", 
    "L1": "V"
  }, 
  "L01AA": {
    "L2": "L01", 
    "L3": "L01A", 
    "L1": "L"
  }, 
  "C07EA": {
    "L2": "C07", 
    "L3": "C07E", 
    "L1": "C"
  }, 
  "A11JA": {
    "L2": "A11", 
    "L3": "A11J", 
    "L1": "A"
  }, 
  "V07AY": {
    "L2": "V07", 
    "L3": "V07A", 
    "L1": "V"
  }, 
  "A11JC": {
    "L2": "A11", 
    "L3": "A11J", 
    "L1": "A"
  }, 
  "N07BB": {
    "L2": "N07", 
    "L3": "N07B", 
    "L1": "N"
  }, 
  "N07BC": {
    "L2": "N07", 
    "L3": "N07B", 
    "L1": "N"
  }, 
  "N07BA": {
    "L2": "N07", 
    "L3": "N07B", 
    "L1": "N"
  }, 
  "L02AE": {
    "L2": "L02", 
    "L3": "L02A", 
    "L1": "L"
  }, 
  "L02AA": {
    "L2": "L02", 
    "L3": "L02A", 
    "L1": "L"
  }, 
  "L02AB": {
    "L2": "L02", 
    "L3": "L02A", 
    "L1": "L"
  }, 
  "D06C": {
    "L2": "D06", 
    "L1": "D"
  }, 
  "A03AC": {
    "L2": "A03", 
    "L3": "A03A", 
    "L1": "A"
  }, 
  "J02AC": {
    "L2": "J02", 
    "L3": "J02A", 
    "L1": "J"
  }, 
  "A05B": {
    "L2": "A05", 
    "L1": "A"
  }, 
  "A12CE": {
    "L2": "A12", 
    "L3": "A12C", 
    "L1": "A"
  }, 
  "J01C": {
    "L2": "J01", 
    "L1": "J"
  }, 
  "L02AX": {
    "L2": "L02", 
    "L3": "L02A", 
    "L1": "L"
  }, 
  "A07F": {
    "L2": "A07", 
    "L1": "A"
  }, 
  "A07CA": {
    "L2": "A07", 
    "L3": "A07C", 
    "L1": "A"
  }, 
  "A14B": {
    "L2": "A14", 
    "L1": "A"
  }, 
  "A08AB": {
    "L2": "A08", 
    "L3": "A08A", 
    "L1": "A"
  }, 
  "A08AA": {
    "L2": "A08", 
    "L3": "A08A", 
    "L1": "A"
  }, 
  "A14A": {
    "L2": "A14", 
    "L1": "A"
  }, 
  "D02AX": {
    "L2": "D02", 
    "L3": "D02A", 
    "L1": "D"
  }, 
  "D07A": {
    "L2": "D07", 
    "L1": "D"
  }, 
  "V09EA": {
    "L2": "V09", 
    "L3": "V09E", 
    "L1": "V"
  }, 
  "V06D": {
    "L2": "V06", 
    "L1": "V"
  }, 
  "A03FA": {
    "L2": "A03", 
    "L3": "A03F", 
    "L1": "A"
  }, 
  "B03X": {
    "L2": "B03", 
    "L1": "B"
  }, 
  "J04AD": {
    "L2": "J04", 
    "L3": "J04A", 
    "L1": "J"
  }, 
  "R06A": {
    "L2": "R06", 
    "L1": "R"
  }, 
  "N03A": {
    "L2": "N03", 
    "L1": "N"
  }, 
  "J04AA": {
    "L2": "J04", 
    "L3": "J04A", 
    "L1": "J"
  }, 
  "J04AB": {
    "L2": "J04", 
    "L3": "J04A", 
    "L1": "J"
  }, 
  "J04AC": {
    "L2": "J04", 
    "L3": "J04A", 
    "L1": "J"
  }, 
  "D02AD": {
    "L2": "D02", 
    "L3": "D02A", 
    "L1": "D"
  }, 
  "D02AE": {
    "L2": "D02", 
    "L3": "D02A", 
    "L1": "D"
  }, 
  "D02AF": {
    "L2": "D02", 
    "L3": "D02A", 
    "L1": "D"
  }, 
  "A08AX": {
    "L2": "A08", 
    "L3": "A08A", 
    "L1": "A"
  }, 
  "D02AA": {
    "L2": "D02", 
    "L3": "D02A", 
    "L1": "D"
  }, 
  "D02AB": {
    "L2": "D02", 
    "L3": "D02A", 
    "L1": "D"
  }, 
  "J04AK": {
    "L2": "J04", 
    "L3": "J04A", 
    "L1": "J"
  }, 
  "A04A": {
    "L2": "A04", 
    "L1": "A"
  }, 
  "H05AA": {
    "L2": "H05", 
    "L3": "H05A", 
    "L1": "H"
  }, 
  "A02BD": {
    "L2": "A02", 
    "L3": "A02B", 
    "L1": "A"
  }, 
  "A12CD": {
    "L2": "A12", 
    "L3": "A12C", 
    "L1": "A"
  }, 
  "A02BA": {
    "L2": "A02", 
    "L3": "A02B", 
    "L1": "A"
  }, 
  "A02BB": {
    "L2": "A02", 
    "L3": "A02B", 
    "L1": "A"
  }, 
  "A11EX": {
    "L2": "A11", 
    "L3": "A11E", 
    "L1": "A"
  }, 
  "J01DH": {
    "L2": "J01", 
    "L3": "J01D", 
    "L1": "J"
  }, 
  "J01DI": {
    "L2": "J01", 
    "L3": "J01D", 
    "L1": "J"
  }, 
  "A11DB": {
    "L2": "A11", 
    "L3": "A11D", 
    "L1": "A"
  }, 
  "A11DA": {
    "L2": "A11", 
    "L3": "A11D", 
    "L1": "A"
  }, 
  "J01DB": {
    "L2": "J01", 
    "L3": "J01D", 
    "L1": "J"
  }, 
  "J01DC": {
    "L2": "J01", 
    "L3": "J01D", 
    "L1": "J"
  }, 
  "G01": {
    "L1": "G"
  }, 
  "J01DF": {
    "L2": "J01", 
    "L3": "J01D", 
    "L1": "J"
  }, 
  "C05C": {
    "L2": "C05", 
    "L1": "C"
  }, 
  "J01DD": {
    "L2": "J01", 
    "L3": "J01D", 
    "L1": "J"
  }, 
  "J01DE": {
    "L2": "J01", 
    "L3": "J01D", 
    "L1": "J"
  }, 
  "L01XX": {
    "L2": "L01", 
    "L3": "L01X", 
    "L1": "L"
  }, 
  "N03AF": {
    "L2": "N03", 
    "L3": "N03A", 
    "L1": "N"
  }, 
  "N03AE": {
    "L2": "N03", 
    "L3": "N03A", 
    "L1": "N"
  }, 
  "N03AD": {
    "L2": "N03", 
    "L3": "N03A", 
    "L1": "N"
  }, 
  "N03AC": {
    "L2": "N03", 
    "L3": "N03A", 
    "L1": "N"
  }, 
  "N03AB": {
    "L2": "N03", 
    "L3": "N03A", 
    "L1": "N"
  }, 
  "N03AA": {
    "L2": "N03", 
    "L3": "N03A", 
    "L1": "N"
  }, 
  "P02DX": {
    "L2": "P02", 
    "L3": "P02D", 
    "L1": "P"
  }, 
  "H03BA": {
    "L2": "H03", 
    "L3": "H03B", 
    "L1": "H"
  }, 
  "V09CA": {
    "L2": "V09", 
    "L3": "V09C", 
    "L1": "V"
  }, 
  "H03BC": {
    "L2": "H03", 
    "L3": "H03B", 
    "L1": "H"
  }, 
  "A09A": {
    "L2": "A09", 
    "L1": "A"
  }, 
  "P02DA": {
    "L2": "P02", 
    "L3": "P02D", 
    "L1": "P"
  }, 
  "H03BX": {
    "L2": "H03", 
    "L3": "H03B", 
    "L1": "H"
  }, 
  "V09CX": {
    "L2": "V09", 
    "L3": "V09C", 
    "L1": "V"
  }, 
  "A03AA": {
    "L2": "A03", 
    "L3": "A03A", 
    "L1": "A"
  }, 
  "L01XB": {
    "L2": "L01", 
    "L3": "L01X", 
    "L1": "L"
  }, 
  "D02AC": {
    "L2": "D02", 
    "L3": "D02A", 
    "L1": "D"
  }, 
  "L01XD": {
    "L2": "L01", 
    "L3": "L01X", 
    "L1": "L"
  }, 
  "A03AE": {
    "L2": "A03", 
    "L3": "A03A", 
    "L1": "A"
  }, 
  "N03AX": {
    "L2": "N03", 
    "L3": "N03A", 
    "L1": "N"
  }, 
  "S01JX": {
    "L2": "S01", 
    "L3": "S01J", 
    "L1": "S"
  }, 
  "D07B": {
    "L2": "D07", 
    "L1": "D"
  }, 
  "D11": {
    "L1": "D"
  }, 
  "R01BA": {
    "L2": "R01", 
    "L3": "R01B", 
    "L1": "R"
  }, 
  "A11J": {
    "L2": "A11", 
    "L1": "A"
  }, 
  "A06": {
    "L1": "A"
  }, 
  "V03AX": {
    "L2": "V03", 
    "L3": "V03A", 
    "L1": "V"
  }, 
  "S01F": {
    "L2": "S01", 
    "L1": "S"
  }, 
  "G03HA": {
    "L2": "G03", 
    "L3": "G03H", 
    "L1": "G"
  }, 
  "P02C": {
    "L2": "P02", 
    "L1": "P"
  }, 
  "G03HB": {
    "L2": "G03", 
    "L3": "G03H", 
    "L1": "G"
  }, 
  "P02D": {
    "L2": "P02", 
    "L1": "P"
  }, 
  "V01AA": {
    "L2": "V01", 
    "L3": "V01A", 
    "L1": "V"
  }, 
  "V07": {
    "L1": "V"
  }, 
  "A05": {
    "L1": "A"
  }, 
  "J01EC": {
    "L2": "J01", 
    "L3": "J01E", 
    "L1": "J"
  }, 
  "G02": {
    "L1": "G"
  }, 
  "G03": {
    "L1": "G"
  }, 
  "M01CC": {
    "L2": "M01", 
    "L3": "M01C", 
    "L1": "M"
  }, 
  "A09AB": {
    "L2": "A09", 
    "L3": "A09A", 
    "L1": "A"
  }, 
  "A09AC": {
    "L2": "A09", 
    "L3": "A09A", 
    "L1": "A"
  }, 
  "A09AA": {
    "L2": "A09", 
    "L3": "A09A", 
    "L1": "A"
  }, 
  "S03BA": {
    "L2": "S03", 
    "L3": "S03B", 
    "L1": "S"
  }, 
  "R01A": {
    "L2": "R01", 
    "L1": "R"
  }, 
  "L01DA": {
    "L2": "L01", 
    "L3": "L01D", 
    "L1": "L"
  }, 
  "L01DB": {
    "L2": "L01", 
    "L3": "L01D", 
    "L1": "L"
  }, 
  "R05FA": {
    "L2": "R05", 
    "L3": "R05F", 
    "L1": "R"
  }, 
  "A02B": {
    "L2": "A02", 
    "L1": "A"
  }, 
  "G03AB": {
    "L2": "G03", 
    "L3": "G03A", 
    "L1": "G"
  }, 
  "G03AC": {
    "L2": "G03", 
    "L3": "G03A", 
    "L1": "G"
  }, 
  "G03AA": {
    "L2": "G03", 
    "L3": "G03A", 
    "L1": "G"
  }, 
  "G03AD": {
    "L2": "G03", 
    "L3": "G03A", 
    "L1": "G"
  }, 
  "V06A": {
    "L2": "V06", 
    "L1": "V"
  }, 
  "N02AX": {
    "L2": "N02", 
    "L3": "N02A", 
    "L1": "N"
  }, 
  "N04A": {
    "L2": "N04", 
    "L1": "N"
  }, 
  "G01AX": {
    "L2": "G01", 
    "L3": "G01A", 
    "L1": "G"
  }, 
  "D01A": {
    "L2": "D01", 
    "L1": "D"
  }, 
  "C09CA": {
    "L2": "C09", 
    "L3": "C09C", 
    "L1": "C"
  }, 
  "H05A": {
    "L2": "H05", 
    "L1": "H"
  }, 
  "B05CX": {
    "L2": "B05", 
    "L3": "B05C", 
    "L1": "B"
  }, 
  "S01BA": {
    "L2": "S01", 
    "L3": "S01B", 
    "L1": "S"
  }, 
  "B05CB": {
    "L2": "B05", 
    "L3": "B05C", 
    "L1": "B"
  }, 
  "B05CA": {
    "L2": "B05", 
    "L3": "B05C", 
    "L1": "B"
  }, 
  "N02AB": {
    "L2": "N02", 
    "L3": "N02A", 
    "L1": "N"
  }, 
  "N02AC": {
    "L2": "N02", 
    "L3": "N02A", 
    "L1": "N"
  }, 
  "N02AA": {
    "L2": "N02", 
    "L3": "N02A", 
    "L1": "N"
  }, 
  "N02AF": {
    "L2": "N02", 
    "L3": "N02A", 
    "L1": "N"
  }, 
  "N02AG": {
    "L2": "N02", 
    "L3": "N02A", 
    "L1": "N"
  }, 
  "N02AD": {
    "L2": "N02", 
    "L3": "N02A", 
    "L1": "N"
  }, 
  "N02AE": {
    "L2": "N02", 
    "L3": "N02A", 
    "L1": "N"
  }, 
  "G01AD": {
    "L2": "G01", 
    "L3": "G01A", 
    "L1": "G"
  }, 
  "A02X": {
    "L2": "A02", 
    "L1": "A"
  }, 
  "G01AE": {
    "L2": "G01", 
    "L3": "G01A", 
    "L1": "G"
  }, 
  "V10": {
    "L1": "V"
  }, 
  "M02A": {
    "L2": "M02", 
    "L1": "M"
  }, 
  "S01EX": {
    "L2": "S01", 
    "L3": "S01E", 
    "L1": "S"
  }, 
  "G01AF": {
    "L2": "G01", 
    "L3": "G01A", 
    "L1": "G"
  }, 
  "P01BX": {
    "L2": "P01", 
    "L3": "P01B", 
    "L1": "P"
  }, 
  "P01BF": {
    "L2": "P01", 
    "L3": "P01B", 
    "L1": "P"
  }, 
  "S01EE": {
    "L2": "S01", 
    "L3": "S01E", 
    "L1": "S"
  }, 
  "P01BD": {
    "L2": "P01", 
    "L3": "P01B", 
    "L1": "P"
  }, 
  "P01BE": {
    "L2": "P01", 
    "L3": "P01B", 
    "L1": "P"
  }, 
  "P01BB": {
    "L2": "P01", 
    "L3": "P01B", 
    "L1": "P"
  }, 
  "S01EA": {
    "L2": "S01", 
    "L3": "S01E", 
    "L1": "S"
  }, 
  "S01EB": {
    "L2": "S01", 
    "L3": "S01E", 
    "L1": "S"
  }, 
  "S01EC": {
    "L2": "S01", 
    "L3": "S01E", 
    "L1": "S"
  }, 
  "C07AB": {
    "L2": "C07", 
    "L3": "C07A", 
    "L1": "C"
  }, 
  "A02BX": {
    "L2": "A02", 
    "L3": "A02B", 
    "L1": "A"
  }, 
  "C07AA": {
    "L2": "C07", 
    "L3": "C07A", 
    "L1": "C"
  }, 
  "C07AG": {
    "L2": "C07", 
    "L3": "C07A", 
    "L1": "C"
  }, 
  "D07X": {
    "L2": "D07", 
    "L1": "D"
  }, 
  "N06DA": {
    "L2": "N06", 
    "L3": "N06D", 
    "L1": "N"
  }, 
  "A02AD": {
    "L2": "A02", 
    "L3": "A02A", 
    "L1": "A"
  }, 
  "A02AG": {
    "L2": "A02", 
    "L3": "A02A", 
    "L1": "A"
  }, 
  "A02AF": {
    "L2": "A02", 
    "L3": "A02A", 
    "L1": "A"
  }, 
  "A02AA": {
    "L2": "A02", 
    "L3": "A02A", 
    "L1": "A"
  }, 
  "G01AB": {
    "L2": "G01", 
    "L3": "G01A", 
    "L1": "G"
  }, 
  "A02AC": {
    "L2": "A02", 
    "L3": "A02A", 
    "L1": "A"
  }, 
  "A02AB": {
    "L2": "A02", 
    "L3": "A02A", 
    "L1": "A"
  }, 
  "M01AX": {
    "L2": "M01", 
    "L3": "M01A", 
    "L1": "M"
  }, 
  "B02BD": {
    "L2": "B02", 
    "L3": "B02B", 
    "L1": "B"
  }, 
  "A02AH": {
    "L2": "A02", 
    "L3": "A02A", 
    "L1": "A"
  }, 
  "M01AB": {
    "L2": "M01", 
    "L3": "M01A", 
    "L1": "M"
  }, 
  "M01AC": {
    "L2": "M01", 
    "L3": "M01A", 
    "L1": "M"
  }, 
  "J01CA": {
    "L2": "J01", 
    "L3": "J01C", 
    "L1": "J"
  }, 
  "M01AA": {
    "L2": "M01", 
    "L3": "M01A", 
    "L1": "M"
  }, 
  "R05DB": {
    "L2": "R05", 
    "L3": "R05D", 
    "L1": "R"
  }, 
  "M01AG": {
    "L2": "M01", 
    "L3": "M01A", 
    "L1": "M"
  }, 
  "J01CE": {
    "L2": "J01", 
    "L3": "J01C", 
    "L1": "J"
  }, 
  "R05DA": {
    "L2": "R05", 
    "L3": "R05D", 
    "L1": "R"
  }, 
  "D07CC": {
    "L2": "D07", 
    "L3": "D07C", 
    "L1": "D"
  }, 
  "N06DX": {
    "L2": "N06", 
    "L3": "N06D", 
    "L1": "N"
  }, 
  "A12AX": {
    "L2": "A12", 
    "L3": "A12A", 
    "L1": "A"
  }, 
  "A02AX": {
    "L2": "A02", 
    "L3": "A02A", 
    "L1": "A"
  }, 
  "V09G": {
    "L2": "V09", 
    "L1": "V"
  }, 
  "D07CD": {
    "L2": "D07", 
    "L3": "D07C", 
    "L1": "D"
  }, 
  "C03DA": {
    "L2": "C03", 
    "L3": "C03D", 
    "L1": "C"
  }, 
  "C03DB": {
    "L2": "C03", 
    "L3": "C03D", 
    "L1": "C"
  }, 
  "H03AA": {
    "L2": "H03", 
    "L3": "H03A", 
    "L1": "H"
  }, 
  "L02BX": {
    "L2": "L02", 
    "L3": "L02B", 
    "L1": "L"
  }, 
  "H03C": {
    "L2": "H03", 
    "L1": "H"
  }, 
  "H03B": {
    "L2": "H03", 
    "L1": "H"
  }, 
  "C04AF": {
    "L2": "C04", 
    "L3": "C04A", 
    "L1": "C"
  }, 
  "C05B": {
    "L2": "C05", 
    "L1": "C"
  }, 
  "R05C": {
    "L2": "R05", 
    "L1": "R"
  }, 
  "A10X": {
    "L2": "A10", 
    "L1": "A"
  }, 
  "A03BA": {
    "L2": "A03", 
    "L3": "A03B", 
    "L1": "A"
  }, 
  "A03BB": {
    "L2": "A03", 
    "L3": "A03B", 
    "L1": "A"
  }, 
  "A10B": {
    "L2": "A10", 
    "L1": "A"
  }, 
  "C07EB": {
    "L2": "C07", 
    "L3": "C07E", 
    "L1": "C"
  }, 
  "V03AE": {
    "L2": "V03", 
    "L3": "V03A", 
    "L1": "V"
  }, 
  "A10A": {
    "L2": "A10", 
    "L1": "A"
  }, 
  "S02DA": {
    "L2": "S02", 
    "L3": "S02D", 
    "L1": "S"
  }, 
  "L02BG": {
    "L2": "L02", 
    "L3": "L02B", 
    "L1": "L"
  }, 
  "S02DC": {
    "L2": "S02", 
    "L3": "S02D", 
    "L1": "S"
  }, 
  "V09FX": {
    "L2": "V09", 
    "L3": "V09F", 
    "L1": "V"
  }, 
  "L02BB": {
    "L2": "L02", 
    "L3": "L02B", 
    "L1": "L"
  }, 
  "N03AG": {
    "L2": "N03", 
    "L3": "N03A", 
    "L1": "N"
  }, 
  "L01XY": {
    "L2": "L01", 
    "L3": "L01X", 
    "L1": "L"
  }, 
  "J07BX": {
    "L2": "J07", 
    "L3": "J07B", 
    "L1": "J"
  }, 
  "R05F": {
    "L2": "R05", 
    "L1": "R"
  }, 
  "J05AC": {
    "L2": "J05", 
    "L3": "J05A", 
    "L1": "J"
  }, 
  "G02C": {
    "L2": "G02", 
    "L1": "G"
  }, 
  "G02B": {
    "L2": "G02", 
    "L1": "G"
  }, 
  "G02A": {
    "L2": "G02", 
    "L1": "G"
  }, 
  "N07AB": {
    "L2": "N07", 
    "L3": "N07A", 
    "L1": "N"
  }, 
  "C09BA": {
    "L2": "C09", 
    "L3": "C09B", 
    "L1": "C"
  }, 
  "V03AF": {
    "L2": "V03", 
    "L3": "V03A", 
    "L1": "V"
  }, 
  "B05ZB": {
    "L2": "B05", 
    "L3": "B05Z", 
    "L1": "B"
  }, 
  "C09BB": {
    "L2": "C09", 
    "L3": "C09B", 
    "L1": "C"
  }, 
  "N01BB": {
    "L2": "N01", 
    "L3": "N01B", 
    "L1": "N"
  }, 
  "M05": {
    "L1": "M"
  }, 
  "L01C": {
    "L2": "L01", 
    "L1": "L"
  }, 
  "L01B": {
    "L2": "L01", 
    "L1": "L"
  }, 
  "L01A": {
    "L2": "L01", 
    "L1": "L"
  }, 
  "C01CA": {
    "L2": "C01", 
    "L3": "C01C", 
    "L1": "C"
  }, 
  "R05": {
    "L1": "R"
  }, 
  "V07A": {
    "L2": "V07", 
    "L1": "V"
  }, 
  "R07": {
    "L1": "R"
  }, 
  "C01CE": {
    "L2": "C01", 
    "L3": "C01C", 
    "L1": "C"
  }, 
  "C08E": {
    "L2": "C08", 
    "L1": "C"
  }, 
  "C04AC": {
    "L2": "C04", 
    "L3": "C04A", 
    "L1": "C"
  }, 
  "J06A": {
    "L2": "J06", 
    "L1": "J"
  }, 
  "D07XD": {
    "L2": "D07", 
    "L3": "D07X", 
    "L1": "D"
  }, 
  "C04AB": {
    "L2": "C04", 
    "L3": "C04A", 
    "L1": "C"
  }, 
  "D07XB": {
    "L2": "D07", 
    "L3": "D07X", 
    "L1": "D"
  }, 
  "D07XC": {
    "L2": "D07", 
    "L3": "D07X", 
    "L1": "D"
  }, 
  "S01XA": {
    "L2": "S01", 
    "L3": "S01X", 
    "L1": "S"
  }, 
  "D07XA": {
    "L2": "D07", 
    "L3": "D07X", 
    "L1": "D"
  }, 
  "G02BB": {
    "L2": "G02", 
    "L3": "G02B", 
    "L1": "G"
  }, 
  "A03C": {
    "L2": "A03", 
    "L1": "A"
  }, 
  "C01CX": {
    "L2": "C01", 
    "L3": "C01C", 
    "L1": "C"
  }, 
  "G02BA": {
    "L2": "G02", 
    "L3": "G02B", 
    "L1": "G"
  }, 
  "A03F": {
    "L2": "A03", 
    "L1": "A"
  }, 
  "A03D": {
    "L2": "A03", 
    "L1": "A"
  }, 
  "C02LE": {
    "L2": "C02", 
    "L3": "C02L", 
    "L1": "C"
  }, 
  "D05AC": {
    "L2": "D05", 
    "L3": "D05A", 
    "L1": "D"
  }, 
  "D03BA": {
    "L2": "D03", 
    "L3": "D03B", 
    "L1": "D"
  }, 
  "D05AA": {
    "L2": "D05", 
    "L3": "D05A", 
    "L1": "D"
  }, 
  "D06A": {
    "L2": "D06", 
    "L1": "D"
  }, 
  "D05AD": {
    "L2": "D05", 
    "L3": "D05A", 
    "L1": "D"
  }, 
  "A05AB": {
    "L2": "A05", 
    "L3": "A05A", 
    "L1": "A"
  }, 
  "A05AA": {
    "L2": "A05", 
    "L3": "A05A", 
    "L1": "A"
  }, 
  "H01CA": {
    "L2": "H01", 
    "L3": "H01C", 
    "L1": "H"
  }, 
  "M09AX": {
    "L2": "M09", 
    "L3": "M09A", 
    "L1": "M"
  }, 
  "H01CC": {
    "L2": "H01", 
    "L3": "H01C", 
    "L1": "H"
  }, 
  "H01CB": {
    "L2": "H01", 
    "L3": "H01C", 
    "L1": "H"
  }, 
  "A05AX": {
    "L2": "A05", 
    "L3": "A05A", 
    "L1": "A"
  }, 
  "G03CC": {
    "L2": "G03", 
    "L3": "G03C", 
    "L1": "G"
  }, 
  "B02AB": {
    "L2": "B02", 
    "L3": "B02A", 
    "L1": "B"
  }, 
  "H03BB": {
    "L2": "H03", 
    "L3": "H03B", 
    "L1": "H"
  }, 
  "B02AA": {
    "L2": "B02", 
    "L3": "B02A", 
    "L1": "B"
  }, 
  "H02AA": {
    "L2": "H02", 
    "L3": "H02A", 
    "L1": "H"
  }, 
  "H02AB": {
    "L2": "H02", 
    "L3": "H02A", 
    "L1": "H"
  }, 
  "S01GA": {
    "L2": "S01", 
    "L3": "S01G", 
    "L1": "S"
  }, 
  "C07A": {
    "L2": "C07", 
    "L1": "C"
  }, 
  "N01BX": {
    "L2": "N01", 
    "L3": "N01B", 
    "L1": "N"
  }, 
  "N07AX": {
    "L2": "N07", 
    "L3": "N07A", 
    "L1": "N"
  }, 
  "R01AX": {
    "L2": "R01", 
    "L3": "R01A", 
    "L1": "R"
  }, 
  "V06B": {
    "L2": "V06", 
    "L1": "V"
  }, 
  "V06C": {
    "L2": "V06", 
    "L1": "V"
  }, 
  "V09AA": {
    "L2": "V09", 
    "L3": "V09A", 
    "L1": "V"
  }, 
  "S01FA": {
    "L2": "S01", 
    "L3": "S01F", 
    "L1": "S"
  }, 
  "J02A": {
    "L2": "J02", 
    "L1": "J"
  }, 
  "S01FB": {
    "L2": "S01", 
    "L3": "S01F", 
    "L1": "S"
  }, 
  "C07FB": {
    "L2": "C07", 
    "L3": "C07F", 
    "L1": "C"
  }, 
  "C07FA": {
    "L2": "C07", 
    "L3": "C07F", 
    "L1": "C"
  }, 
  "G04": {
    "L1": "G"
  }, 
  "R05D": {
    "L2": "R05", 
    "L1": "R"
  }, 
  "R06AK": {
    "L2": "R06", 
    "L3": "R06A", 
    "L1": "R"
  }, 
  "N01BA": {
    "L2": "N01", 
    "L3": "N01B", 
    "L1": "N"
  }, 
  "N07AA": {
    "L2": "N07", 
    "L3": "N07A", 
    "L1": "N"
  }, 
  "N01BC": {
    "L2": "N01", 
    "L3": "N01B", 
    "L1": "N"
  }, 
  "R01AA": {
    "L2": "R01", 
    "L3": "R01A", 
    "L1": "R"
  }, 
  "R01AC": {
    "L2": "R01", 
    "L3": "R01A", 
    "L1": "R"
  }, 
  "R01AB": {
    "L2": "R01", 
    "L3": "R01A", 
    "L1": "R"
  }, 
  "V09IB": {
    "L2": "V09", 
    "L3": "V09I", 
    "L1": "V"
  }, 
  "S01GX": {
    "L2": "S01", 
    "L3": "S01G", 
    "L1": "S"
  }, 
  "V09IA": {
    "L2": "V09", 
    "L3": "V09I", 
    "L1": "V"
  }, 
  "V08D": {
    "L2": "V08", 
    "L1": "V"
  }, 
  "N05CX": {
    "L2": "N05", 
    "L3": "N05C", 
    "L1": "N"
  }, 
  "V08B": {
    "L2": "V08", 
    "L1": "V"
  }, 
  "R02AD": {
    "L2": "R02", 
    "L3": "R02A", 
    "L1": "R"
  }, 
  "C01BC": {
    "L2": "C01", 
    "L3": "C01B", 
    "L1": "C"
  }, 
  "N05CC": {
    "L2": "N05", 
    "L3": "N05C", 
    "L1": "N"
  }, 
  "V09IX": {
    "L2": "V09", 
    "L3": "V09I", 
    "L1": "V"
  }, 
  "N05CA": {
    "L2": "N05", 
    "L3": "N05C", 
    "L1": "N"
  }, 
  "B02": {
    "L1": "B"
  }, 
  "B05": {
    "L1": "B"
  }, 
  "N05CF": {
    "L2": "N05", 
    "L3": "N05C", 
    "L1": "N"
  }, 
  "N05CE": {
    "L2": "N05", 
    "L3": "N05C", 
    "L1": "N"
  }, 
  "L01XA": {
    "L2": "L01", 
    "L3": "L01X", 
    "L1": "L"
  }, 
  "A11CC": {
    "L2": "A11", 
    "L3": "A11C", 
    "L1": "A"
  }, 
  "N05CH": {
    "L2": "N05", 
    "L3": "N05C", 
    "L1": "N"
  }, 
  "A03AB": {
    "L2": "A03", 
    "L3": "A03A", 
    "L1": "A"
  }, 
  "N05CM": {
    "L2": "N05", 
    "L3": "N05C", 
    "L1": "N"
  }, 
  "D08AJ": {
    "L2": "D08", 
    "L3": "D08A", 
    "L1": "D"
  }, 
  "D08AK": {
    "L2": "D08", 
    "L3": "D08A", 
    "L1": "D"
  }, 
  "A02BC": {
    "L2": "A02", 
    "L3": "A02B", 
    "L1": "A"
  }, 
  "L01XC": {
    "L2": "L01", 
    "L3": "L01X", 
    "L1": "L"
  }, 
  "C08": {
    "L1": "C"
  }, 
  "M01": {
    "L1": "M"
  }, 
  "D08AL": {
    "L2": "D08", 
    "L3": "D08A", 
    "L1": "D"
  }, 
  "N05CB": {
    "L2": "N05", 
    "L3": "N05C", 
    "L1": "N"
  }, 
  "D08AB": {
    "L2": "D08", 
    "L3": "D08A", 
    "L1": "D"
  }, 
  "D08AC": {
    "L2": "D08", 
    "L3": "D08A", 
    "L1": "D"
  }, 
  "D08AA": {
    "L2": "D08", 
    "L3": "D08A", 
    "L1": "D"
  }, 
  "S02CA": {
    "L2": "S02", 
    "L3": "S02C", 
    "L1": "S"
  }, 
  "D08AG": {
    "L2": "D08", 
    "L3": "D08A", 
    "L1": "D"
  }, 
  "D08AD": {
    "L2": "D08", 
    "L3": "D08A", 
    "L1": "D"
  }, 
  "L01XE": {
    "L2": "L01", 
    "L3": "L01X", 
    "L1": "L"
  }, 
  "V01A": {
    "L2": "V01", 
    "L1": "V"
  }, 
  "S01K": {
    "L2": "S01", 
    "L1": "S"
  }, 
  "D08AX": {
    "L2": "D08", 
    "L3": "D08A", 
    "L1": "D"
  }, 
  "V04CJ": {
    "L2": "V04", 
    "L3": "V04C", 
    "L1": "V"
  }, 
  "D02BA": {
    "L2": "D02", 
    "L3": "D02B", 
    "L1": "D"
  }, 
  "B03B": {
    "L2": "B03", 
    "L1": "B"
  }, 
  "B03A": {
    "L2": "B03", 
    "L1": "B"
  }, 
  "A06AH": {
    "L2": "A06", 
    "L3": "A06A", 
    "L1": "A"
  }, 
  "S01B": {
    "L2": "S01", 
    "L1": "S"
  }, 
  "S01AA": {
    "L2": "S01", 
    "L3": "S01A", 
    "L1": "S"
  }, 
  "S01AB": {
    "L2": "S01", 
    "L3": "S01A", 
    "L1": "S"
  }, 
  "S01A": {
    "L2": "S01", 
    "L1": "S"
  }, 
  "S01AD": {
    "L2": "S01", 
    "L3": "S01A", 
    "L1": "S"
  }, 
  "S01AE": {
    "L2": "S01", 
    "L3": "S01A", 
    "L1": "S"
  }, 
  "J07": {
    "L1": "J"
  }, 
  "S01E": {
    "L2": "S01", 
    "L1": "S"
  }, 
  "C09": {
    "L1": "C"
  }, 
  "C01DX": {
    "L2": "C01", 
    "L3": "C01D", 
    "L1": "C"
  }, 
  "D10": {
    "L1": "D"
  }, 
  "J07BL": {
    "L2": "J07", 
    "L3": "J07B", 
    "L1": "J"
  }, 
  "D06AX": {
    "L2": "D06", 
    "L3": "D06A", 
    "L1": "D"
  }, 
  "N07C": {
    "L2": "N07", 
    "L1": "N"
  }, 
  "A07D": {
    "L2": "A07", 
    "L1": "A"
  }, 
  "A10BB": {
    "L2": "A10", 
    "L3": "A10B", 
    "L1": "A"
  }, 
  "A07B": {
    "L2": "A07", 
    "L1": "A"
  }, 
  "G03FA": {
    "L2": "G03", 
    "L3": "G03F", 
    "L1": "G"
  }, 
  "A07A": {
    "L2": "A07", 
    "L1": "A"
  }, 
  "J07BB": {
    "L2": "J07", 
    "L3": "J07B", 
    "L1": "J"
  }, 
  "A11GA": {
    "L2": "A11", 
    "L3": "A11G", 
    "L1": "A"
  }, 
  "L01X": {
    "L2": "L01", 
    "L1": "L"
  }, 
  "N07A": {
    "L2": "N07", 
    "L1": "N"
  }, 
  "A07X": {
    "L2": "A07", 
    "L1": "A"
  }, 
  "C04A": {
    "L2": "C04", 
    "L1": "C"
  }, 
  "C01DB": {
    "L2": "C01", 
    "L3": "C01D", 
    "L1": "C"
  }, 
  "C01DA": {
    "L2": "C01", 
    "L3": "C01D", 
    "L1": "C"
  }, 
  "L02A": {
    "L2": "L02", 
    "L1": "L"
  }, 
  "M09AA": {
    "L2": "M09", 
    "L3": "M09A", 
    "L1": "M"
  }, 
  "R03CA": {
    "L2": "R03", 
    "L3": "R03C", 
    "L1": "R"
  }, 
  "J01GB": {
    "L2": "J01", 
    "L3": "J01G", 
    "L1": "J"
  }, 
  "R03CC": {
    "L2": "R03", 
    "L3": "R03C", 
    "L1": "R"
  }, 
  "R03CB": {
    "L2": "R03", 
    "L3": "R03C", 
    "L1": "R"
  }, 
  "C02CA": {
    "L2": "C02", 
    "L3": "C02C", 
    "L1": "C"
  }, 
  "D06B": {
    "L2": "D06", 
    "L1": "D"
  }, 
  "R03CK": {
    "L2": "R03", 
    "L3": "R03C", 
    "L1": "R"
  }, 
  "A10BH": {
    "L2": "A10", 
    "L3": "A10B", 
    "L1": "A"
  }, 
  "N06AX": {
    "L2": "N06", 
    "L3": "N06A", 
    "L1": "N"
  }, 
  "C03XA": {
    "L2": "C03", 
    "L3": "C03X", 
    "L1": "C"
  }, 
  "C02CC": {
    "L2": "C02", 
    "L3": "C02C", 
    "L1": "C"
  }, 
  "A13": {
    "L1": "A"
  }, 
  "N06AF": {
    "L2": "N06", 
    "L3": "N06A", 
    "L1": "N"
  }, 
  "N06AG": {
    "L2": "N06", 
    "L3": "N06A", 
    "L1": "N"
  }, 
  "N06AB": {
    "L2": "N06", 
    "L3": "N06A", 
    "L1": "N"
  }, 
  "V06DF": {
    "L2": "V06", 
    "L3": "V06D", 
    "L1": "V"
  }, 
  "N06AA": {
    "L2": "N06", 
    "L3": "N06A", 
    "L1": "N"
  }, 
  "S01AX": {
    "L2": "S01", 
    "L3": "S01A", 
    "L1": "S"
  }, 
  "B05XC": {
    "L2": "B05", 
    "L3": "B05X", 
    "L1": "B"
  }, 
  "D10AX": {
    "L2": "D10", 
    "L3": "D10A", 
    "L1": "D"
  }, 
  "G03E": {
    "L2": "G03", 
    "L1": "G"
  }, 
  "C02C": {
    "L2": "C02", 
    "L1": "C"
  }, 
  "D08AH": {
    "L2": "D08", 
    "L3": "D08A", 
    "L1": "D"
  }, 
  "V10X": {
    "L2": "V10", 
    "L1": "V"
  }, 
  "B03BB": {
    "L2": "B03", 
    "L3": "B03B", 
    "L1": "B"
  }, 
  "A12": {
    "L1": "A"
  }, 
  "M05B": {
    "L2": "M05", 
    "L1": "M"
  }, 
  "B03BA": {
    "L2": "B03", 
    "L3": "B03B", 
    "L1": "B"
  }, 
  "C02AC": {
    "L2": "C02", 
    "L3": "C02A", 
    "L1": "C"
  }, 
  "C02AB": {
    "L2": "C02", 
    "L3": "C02A", 
    "L1": "C"
  }, 
  "C02AA": {
    "L2": "C02", 
    "L3": "C02A", 
    "L1": "C"
  }, 
  "C10": {
    "L1": "C"
  }, 
  "G03CX": {
    "L2": "G03", 
    "L3": "G03C", 
    "L1": "G"
  }, 
  "P02B": {
    "L2": "P02", 
    "L1": "P"
  }, 
  "R02A": {
    "L2": "R02", 
    "L1": "R"
  }, 
  "C02DC": {
    "L2": "C02", 
    "L3": "C02D", 
    "L1": "C"
  }, 
  "J04B": {
    "L2": "J04", 
    "L1": "J"
  }, 
  "H05BA": {
    "L2": "H05", 
    "L3": "H05B", 
    "L1": "H"
  }, 
  "R03DA": {
    "L2": "R03", 
    "L3": "R03D", 
    "L1": "R"
  }, 
  "H05BX": {
    "L2": "H05", 
    "L3": "H05B", 
    "L1": "H"
  }, 
  "R03DC": {
    "L2": "R03", 
    "L3": "R03D", 
    "L1": "R"
  }, 
  "S02A": {
    "L2": "S02", 
    "L1": "S"
  }, 
  "L03AA": {
    "L2": "L03", 
    "L3": "L03A", 
    "L1": "L"
  }, 
  "L03AC": {
    "L2": "L03", 
    "L3": "L03A", 
    "L1": "L"
  }, 
  "L03AB": {
    "L2": "L03", 
    "L3": "L03A", 
    "L1": "L"
  }, 
  "D07": {
    "L1": "D"
  }, 
  "J04BA": {
    "L2": "J04", 
    "L3": "J04B", 
    "L1": "J"
  }, 
  "V06CA": {
    "L2": "V06", 
    "L3": "V06C", 
    "L1": "V"
  }, 
  "S01JA": {
    "L2": "S01", 
    "L3": "S01J", 
    "L1": "S"
  }, 
  "B05BB": {
    "L2": "B05", 
    "L3": "B05B", 
    "L1": "B"
  }, 
  "V09GX": {
    "L2": "V09", 
    "L3": "V09G", 
    "L1": "V"
  }, 
  "D02B": {
    "L2": "D02", 
    "L1": "D"
  }, 
  "C03BB": {
    "L2": "C03", 
    "L3": "C03B", 
    "L1": "C"
  }, 
  "L03AX": {
    "L2": "L03", 
    "L3": "L03A", 
    "L1": "L"
  }, 
  "D08AE": {
    "L2": "D08", 
    "L3": "D08A", 
    "L1": "D"
  }, 
  "C10AD": {
    "L2": "C10", 
    "L3": "C10A", 
    "L1": "C"
  }, 
  "N02BG": {
    "L2": "N02", 
    "L3": "N02B", 
    "L1": "N"
  }, 
  "P01AR": {
    "L2": "P01", 
    "L3": "P01A", 
    "L1": "P"
  }, 
  "N02BE": {
    "L2": "N02", 
    "L3": "N02B", 
    "L1": "N"
  }, 
  "J05AR": {
    "L2": "J05", 
    "L3": "J05A", 
    "L1": "J"
  }, 
  "N02BB": {
    "L2": "N02", 
    "L3": "N02B", 
    "L1": "N"
  }, 
  "N02BA": {
    "L2": "N02", 
    "L3": "N02B", 
    "L1": "N"
  }, 
  "V09DB": {
    "L2": "V09", 
    "L3": "V09D", 
    "L1": "V"
  }, 
  "P01AX": {
    "L2": "P01", 
    "L3": "P01A", 
    "L1": "P"
  }, 
  "S01H": {
    "L2": "S01", 
    "L1": "S"
  }, 
  "V08DA": {
    "L2": "V08", 
    "L3": "V08D", 
    "L1": "V"
  }, 
  "H01B": {
    "L2": "H01", 
    "L1": "H"
  }, 
  "P01AC": {
    "L2": "P01", 
    "L3": "P01A", 
    "L1": "P"
  }, 
  "P01AB": {
    "L2": "P01", 
    "L3": "P01A", 
    "L1": "P"
  }, 
  "S01BC": {
    "L2": "S01", 
    "L3": "S01B", 
    "L1": "S"
  }, 
  "S01BB": {
    "L2": "S01", 
    "L3": "S01B", 
    "L1": "S"
  }, 
  "J05AE": {
    "L2": "J05", 
    "L3": "J05A", 
    "L1": "J"
  }, 
  "J05AD": {
    "L2": "J05", 
    "L3": "J05A", 
    "L1": "J"
  }, 
  "J05AG": {
    "L2": "J05", 
    "L3": "J05A", 
    "L1": "J"
  }, 
  "J05AF": {
    "L2": "J05", 
    "L3": "J05A", 
    "L1": "J"
  }, 
  "D03AA": {
    "L2": "D03", 
    "L3": "D03A", 
    "L1": "D"
  }, 
  "J05AH": {
    "L2": "J05", 
    "L3": "J05A", 
    "L1": "J"
  }, 
  "C03BD": {
    "L2": "C03", 
    "L3": "C03B", 
    "L1": "C"
  }, 
  "J04AM": {
    "L2": "J04", 
    "L3": "J04A", 
    "L1": "J"
  }, 
  "M09": {
    "L1": "M"
  }, 
  "A10AB": {
    "L2": "A10", 
    "L3": "A10A", 
    "L1": "A"
  }, 
  "L04": {
    "L1": "L"
  }, 
  "V09EX": {
    "L2": "V09", 
    "L3": "V09E", 
    "L1": "V"
  }, 
  "C03AX": {
    "L2": "C03", 
    "L3": "C03A", 
    "L1": "C"
  }, 
  "A14": {
    "L1": "A"
  }, 
  "C03D": {
    "L2": "C03", 
    "L1": "C"
  }, 
  "C03E": {
    "L2": "C03", 
    "L1": "C"
  }, 
  "C10AB": {
    "L2": "C10", 
    "L3": "C10A", 
    "L1": "C"
  }, 
  "D02BB": {
    "L2": "D02", 
    "L3": "D02B", 
    "L1": "D"
  }, 
  "C03A": {
    "L2": "C03", 
    "L1": "C"
  }, 
  "C03B": {
    "L2": "C03", 
    "L1": "C"
  }, 
  "N02A": {
    "L2": "N02", 
    "L1": "N"
  }, 
  "D03AX": {
    "L2": "D03", 
    "L3": "D03A", 
    "L1": "D"
  }, 
  "C03X": {
    "L2": "C03", 
    "L1": "C"
  }, 
  "L01": {
    "L1": "L"
  }, 
  "C03AH": {
    "L2": "C03", 
    "L3": "C03A", 
    "L1": "C"
  }, 
  "S01C": {
    "L2": "S01", 
    "L1": "S"
  }, 
  "C01E": {
    "L2": "C01", 
    "L1": "C"
  }, 
  "C03AB": {
    "L2": "C03", 
    "L3": "C03A", 
    "L1": "C"
  }, 
  "V09EB": {
    "L2": "V09", 
    "L3": "V09E", 
    "L1": "V"
  }, 
  "D09A": {
    "L2": "D09", 
    "L1": "D"
  }, 
  "J01D": {
    "L2": "J01", 
    "L1": "J"
  }, 
  "A07AB": {
    "L2": "A07", 
    "L3": "A07A", 
    "L1": "A"
  }, 
  "H03A": {
    "L2": "H03", 
    "L1": "H"
  }, 
  "H03": {
    "L1": "H"
  }, 
  "M04AX": {
    "L2": "M04", 
    "L3": "M04A", 
    "L1": "M"
  }, 
  "A11GB": {
    "L2": "A11", 
    "L3": "A11G", 
    "L1": "A"
  }, 
  "V10XA": {
    "L2": "V10", 
    "L3": "V10X", 
    "L1": "V"
  }, 
  "M03BX": {
    "L2": "M03", 
    "L3": "M03B", 
    "L1": "M"
  }, 
  "M04AC": {
    "L2": "M04", 
    "L3": "M04A", 
    "L1": "M"
  }, 
  "M04AB": {
    "L2": "M04", 
    "L3": "M04A", 
    "L1": "M"
  }, 
  "M04AA": {
    "L2": "M04", 
    "L3": "M04A", 
    "L1": "M"
  }, 
  "M03C": {
    "L2": "M03", 
    "L1": "M"
  }, 
  "V10XX": {
    "L2": "V10", 
    "L3": "V10X", 
    "L1": "V"
  }, 
  "A12A": {
    "L2": "A12", 
    "L1": "A"
  }, 
  "R01B": {
    "L2": "R01", 
    "L1": "R"
  }, 
  "J06": {
    "L1": "J"
  }, 
  "C09X": {
    "L2": "C09", 
    "L1": "C"
  }, 
  "L03": {
    "L1": "L"
  }, 
  "G01BD": {
    "L2": "G01", 
    "L3": "G01B", 
    "L1": "G"
  }, 
  "H04AA": {
    "L2": "H04", 
    "L3": "H04A", 
    "L1": "H"
  }, 
  "G03BB": {
    "L2": "G03", 
    "L3": "G03B", 
    "L1": "G"
  }, 
  "G03BA": {
    "L2": "G03", 
    "L3": "G03B", 
    "L1": "G"
  }, 
  "J01": {
    "L1": "J"
  }, 
  "C02LX": {
    "L2": "C02", 
    "L3": "C02L", 
    "L1": "C"
  }, 
  "C04AX": {
    "L2": "C04", 
    "L3": "C04A", 
    "L1": "C"
  }, 
  "N02C": {
    "L2": "N02", 
    "L1": "N"
  }, 
  "B06A": {
    "L2": "B06", 
    "L1": "B"
  }, 
  "C04AA": {
    "L2": "C04", 
    "L3": "C04A", 
    "L1": "C"
  }, 
  "C02LA": {
    "L2": "C02", 
    "L3": "C02L", 
    "L1": "C"
  }, 
  "C02LB": {
    "L2": "C02", 
    "L3": "C02L", 
    "L1": "C"
  }, 
  "C02LC": {
    "L2": "C02", 
    "L3": "C02L", 
    "L1": "C"
  }, 
  "C04AE": {
    "L2": "C04", 
    "L3": "C04A", 
    "L1": "C"
  }, 
  "C04AD": {
    "L2": "C04", 
    "L3": "C04A", 
    "L1": "C"
  }, 
  "C02LF": {
    "L2": "C02", 
    "L3": "C02L", 
    "L1": "C"
  }, 
  "C02LG": {
    "L2": "C02", 
    "L3": "C02L", 
    "L1": "C"
  }, 
  "J07CA": {
    "L2": "J07", 
    "L3": "J07C", 
    "L1": "J"
  }, 
  "P01AA": {
    "L2": "P01", 
    "L3": "P01A", 
    "L1": "P"
  }, 
  "C02LK": {
    "L2": "C02", 
    "L3": "C02L", 
    "L1": "C"
  }, 
  "C02LL": {
    "L2": "C02", 
    "L3": "C02L", 
    "L1": "C"
  }, 
  "C10BA": {
    "L2": "C10", 
    "L3": "C10B", 
    "L1": "C"
  }, 
  "C02LN": {
    "L2": "C02", 
    "L3": "C02L", 
    "L1": "C"
  }, 
  "G01A": {
    "L2": "G01", 
    "L1": "G"
  }, 
  "A03AD": {
    "L2": "A03", 
    "L3": "A03A", 
    "L1": "A"
  }, 
  "M01C": {
    "L2": "M01", 
    "L1": "M"
  }, 
  "J01CR": {
    "L2": "J01", 
    "L3": "J01C", 
    "L1": "J"
  }, 
  "A11CB": {
    "L2": "A11", 
    "L3": "A11C", 
    "L1": "A"
  }, 
  "A11CA": {
    "L2": "A11", 
    "L3": "A11C", 
    "L1": "A"
  }, 
  "C09C": {
    "L2": "C09", 
    "L1": "C"
  }, 
  "J07BH": {
    "L2": "J07", 
    "L3": "J07B", 
    "L1": "J"
  }, 
  "C08EX": {
    "L2": "C08", 
    "L3": "C08E", 
    "L1": "C"
  }, 
  "L02B": {
    "L2": "L02", 
    "L1": "L"
  }, 
  "C01AX": {
    "L2": "C01", 
    "L3": "C01A", 
    "L1": "C"
  }, 
  "M03A": {
    "L2": "M03", 
    "L1": "M"
  }, 
  "C08EA": {
    "L2": "C08", 
    "L3": "C08E", 
    "L1": "C"
  }, 
  "J01XB": {
    "L2": "J01", 
    "L3": "J01X", 
    "L1": "J"
  }, 
  "C09A": {
    "L2": "C09", 
    "L1": "C"
  }, 
  "C02KA": {
    "L2": "C02", 
    "L3": "C02K", 
    "L1": "C"
  }, 
  "R05X": {
    "L2": "R05", 
    "L1": "R"
  }, 
  "B02BB": {
    "L2": "B02", 
    "L3": "B02B", 
    "L1": "B"
  }, 
  "C07BG": {
    "L2": "C07", 
    "L3": "C07B", 
    "L1": "C"
  }, 
  "A07FA": {
    "L2": "A07", 
    "L3": "A07F", 
    "L1": "A"
  }, 
  "S01KX": {
    "L2": "S01", 
    "L3": "S01K", 
    "L1": "S"
  }, 
  "A07E": {
    "L2": "A07", 
    "L1": "A"
  }, 
  "C07BB": {
    "L2": "C07", 
    "L3": "C07B", 
    "L1": "C"
  }, 
  "C07BA": {
    "L2": "C07", 
    "L3": "C07B", 
    "L1": "C"
  }, 
  "H02BX": {
    "L2": "H02", 
    "L3": "H02B", 
    "L1": "H"
  }, 
  "A07C": {
    "L2": "A07", 
    "L1": "A"
  }, 
  "M09A": {
    "L2": "M09", 
    "L1": "M"
  }, 
  "R01AD": {
    "L2": "R01", 
    "L3": "R01A", 
    "L1": "R"
  }, 
  "M01B": {
    "L2": "M01", 
    "L1": "M"
  }, 
  "S01KA": {
    "L2": "S01", 
    "L3": "S01K", 
    "L1": "S"
  }, 
  "P03A": {
    "L2": "P03", 
    "L1": "P"
  }, 
  "D11A": {
    "L2": "D11", 
    "L1": "D"
  }, 
  "P03B": {
    "L2": "P03", 
    "L1": "P"
  }, 
  "N01B": {
    "L2": "N01", 
    "L1": "N"
  }, 
  "A16AB": {
    "L2": "A16", 
    "L3": "A16A", 
    "L1": "A"
  }, 
  "J02AX": {
    "L2": "J02", 
    "L3": "J02A", 
    "L1": "J"
  }, 
  "A16AA": {
    "L2": "A16", 
    "L3": "A16A", 
    "L1": "A"
  }, 
  "L01CA": {
    "L2": "L01", 
    "L3": "L01C", 
    "L1": "L"
  }, 
  "N01AX": {
    "L2": "N01", 
    "L3": "N01A", 
    "L1": "N"
  }, 
  "L01CC": {
    "L2": "L01", 
    "L3": "L01C", 
    "L1": "L"
  }, 
  "L01CB": {
    "L2": "L01", 
    "L3": "L01C", 
    "L1": "L"
  }, 
  "L01CD": {
    "L2": "L01", 
    "L3": "L01C", 
    "L1": "L"
  }, 
  "V10B": {
    "L2": "V10", 
    "L1": "V"
  }, 
  "N01AA": {
    "L2": "N01", 
    "L3": "N01A", 
    "L1": "N"
  }, 
  "L01CX": {
    "L2": "L01", 
    "L3": "L01C", 
    "L1": "L"
  }, 
  "P01": {
    "L1": "P"
  }, 
  "N01AB": {
    "L2": "N01", 
    "L3": "N01A", 
    "L1": "N"
  }, 
  "S03CA": {
    "L2": "S03", 
    "L3": "S03C", 
    "L1": "S"
  }, 
  "N01AG": {
    "L2": "N01", 
    "L3": "N01A", 
    "L1": "N"
  }, 
  "N01AF": {
    "L2": "N01", 
    "L3": "N01A", 
    "L1": "N"
  }, 
  "N01AH": {
    "L2": "N01", 
    "L3": "N01A", 
    "L1": "N"
  }, 
  "J01XA": {
    "L2": "J01", 
    "L3": "J01X", 
    "L1": "J"
  }, 
  "A16AX": {
    "L2": "A16", 
    "L3": "A16A", 
    "L1": "A"
  }, 
  "V09I": {
    "L2": "V09", 
    "L1": "V"
  }, 
  "V09H": {
    "L2": "V09", 
    "L1": "V"
  }, 
  "N05BX": {
    "L2": "N05", 
    "L3": "N05B", 
    "L1": "N"
  }, 
  "C02L": {
    "L2": "C02", 
    "L1": "C"
  }, 
  "V06": {
    "L1": "V"
  }, 
  "V09HB": {
    "L2": "V09", 
    "L3": "V09H", 
    "L1": "V"
  }, 
  "H02": {
    "L1": "H"
  }, 
  "V09C": {
    "L2": "V09", 
    "L1": "V"
  }, 
  "V09HA": {
    "L2": "V09", 
    "L3": "V09H", 
    "L1": "V"
  }, 
  "C05AX": {
    "L2": "C05", 
    "L3": "C05A", 
    "L1": "C"
  }, 
  "V09D": {
    "L2": "V09", 
    "L1": "V"
  }, 
  "C02KB": {
    "L2": "C02", 
    "L3": "C02K", 
    "L1": "C"
  }, 
  "V09F": {
    "L2": "V09", 
    "L1": "V"
  }, 
  "C05AD": {
    "L2": "C05", 
    "L3": "C05A", 
    "L1": "C"
  }, 
  "C05AE": {
    "L2": "C05", 
    "L3": "C05A", 
    "L1": "C"
  }, 
  "V09HX": {
    "L2": "V09", 
    "L3": "V09H", 
    "L1": "V"
  }, 
  "D10B": {
    "L2": "D10", 
    "L1": "D"
  }, 
  "C05AA": {
    "L2": "C05", 
    "L3": "C05A", 
    "L1": "C"
  }, 
  "C05AB": {
    "L2": "C05", 
    "L3": "C05A", 
    "L1": "C"
  }, 
  "J01B": {
    "L2": "J01", 
    "L1": "J"
  }, 
  "N05BD": {
    "L2": "N05", 
    "L3": "N05B", 
    "L1": "N"
  }, 
  "N05BE": {
    "L2": "N05", 
    "L3": "N05B", 
    "L1": "N"
  }, 
  "C01EA": {
    "L2": "C01", 
    "L3": "C01E", 
    "L1": "C"
  }, 
  "N05BA": {
    "L2": "N05", 
    "L3": "N05B", 
    "L1": "N"
  }, 
  "N05BB": {
    "L2": "N05", 
    "L3": "N05B", 
    "L1": "N"
  }, 
  "N05BC": {
    "L2": "N05", 
    "L3": "N05B", 
    "L1": "N"
  }, 
  "P03": {
    "L1": "P"
  }, 
  "A16A": {
    "L2": "A16", 
    "L1": "A"
  }, 
  "P02": {
    "L1": "P"
  }, 
  "V06DA": {
    "L2": "V06", 
    "L3": "V06D", 
    "L1": "V"
  }, 
  "V06DC": {
    "L2": "V06", 
    "L3": "V06D", 
    "L1": "V"
  }, 
  "V06DB": {
    "L2": "V06", 
    "L3": "V06D", 
    "L1": "V"
  }, 
  "V06DE": {
    "L2": "V06", 
    "L3": "V06D", 
    "L1": "V"
  }, 
  "V06DD": {
    "L2": "V06", 
    "L3": "V06D", 
    "L1": "V"
  }, 
  "S02BA": {
    "L2": "S02", 
    "L3": "S02B", 
    "L1": "S"
  }, 
  "L04A": {
    "L2": "L04", 
    "L1": "L"
  }, 
  "M02AX": {
    "L2": "M02", 
    "L3": "M02A", 
    "L1": "M"
  }, 
  "A11HA": {
    "L2": "A11", 
    "L3": "A11H", 
    "L1": "A"
  }, 
  "N05A": {
    "L2": "N05", 
    "L1": "N"
  }, 
  "J01M": {
    "L2": "J01", 
    "L1": "J"
  }, 
  "N05C": {
    "L2": "N05", 
    "L1": "N"
  }, 
  "N05B": {
    "L2": "N05", 
    "L1": "N"
  }, 
  "C01EB": {
    "L2": "C01", 
    "L3": "C01E", 
    "L1": "C"
  }, 
  "A12AA": {
    "L2": "A12", 
    "L3": "A12A", 
    "L1": "A"
  }, 
  "C02KD": {
    "L2": "C02", 
    "L3": "C02K", 
    "L1": "C"
  }, 
  "G02AD": {
    "L2": "G02", 
    "L3": "G02A", 
    "L1": "G"
  }, 
  "G02AC": {
    "L2": "G02", 
    "L3": "G02A", 
    "L1": "G"
  }, 
  "G02AB": {
    "L2": "G02", 
    "L3": "G02A", 
    "L1": "G"
  }, 
  "C02KC": {
    "L2": "C02", 
    "L3": "C02K", 
    "L1": "C"
  }, 
  "M01BX": {
    "L2": "M01", 
    "L3": "M01B", 
    "L1": "M"
  }, 
  "D06BA": {
    "L2": "D06", 
    "L3": "D06B", 
    "L1": "D"
  }, 
  "A08A": {
    "L2": "A08", 
    "L1": "A"
  }, 
  "D06BB": {
    "L2": "D06", 
    "L3": "D06B", 
    "L1": "D"
  }, 
  "A12C": {
    "L2": "A12", 
    "L1": "A"
  }, 
  "C09XA": {
    "L2": "C09", 
    "L3": "C09X", 
    "L1": "C"
  }, 
  "D06BX": {
    "L2": "D06", 
    "L3": "D06B", 
    "L1": "D"
  }, 
  "C07B": {
    "L2": "C07", 
    "L1": "C"
  }, 
  "C07C": {
    "L2": "C07", 
    "L1": "C"
  }, 
  "C07D": {
    "L2": "C07", 
    "L1": "C"
  }, 
  "D08AF": {
    "L2": "D08", 
    "L3": "D08A", 
    "L1": "D"
  }, 
  "C07F": {
    "L2": "C07", 
    "L1": "C"
  }, 
  "C08D": {
    "L2": "C08", 
    "L1": "C"
  }, 
  "J01BA": {
    "L2": "J01", 
    "L3": "J01B", 
    "L1": "J"
  }, 
  "M01BA": {
    "L2": "M01", 
    "L3": "M01B", 
    "L1": "M"
  }, 
  "G02AX": {
    "L2": "G02", 
    "L3": "G02A", 
    "L1": "G"
  }, 
  "D07BD": {
    "L2": "D07", 
    "L3": "D07B", 
    "L1": "D"
  }, 
  "V04CK": {
    "L2": "V04", 
    "L3": "V04C", 
    "L1": "V"
  }, 
  "V04CH": {
    "L2": "V04", 
    "L3": "V04C", 
    "L1": "V"
  }, 
  "C03EA": {
    "L2": "C03", 
    "L3": "C03E", 
    "L1": "C"
  }, 
  "D07BA": {
    "L2": "D07", 
    "L3": "D07B", 
    "L1": "D"
  }, 
  "V04CL": {
    "L2": "V04", 
    "L3": "V04C", 
    "L1": "V"
  }, 
  "V04CM": {
    "L2": "V04", 
    "L3": "V04C", 
    "L1": "V"
  }, 
  "V04CB": {
    "L2": "V04", 
    "L3": "V04C", 
    "L1": "V"
  }, 
  "V04CC": {
    "L2": "V04", 
    "L3": "V04C", 
    "L1": "V"
  }, 
  "V04CA": {
    "L2": "V04", 
    "L3": "V04C", 
    "L1": "V"
  }, 
  "V04CF": {
    "L2": "V04", 
    "L3": "V04C", 
    "L1": "V"
  }, 
  "V04CG": {
    "L2": "V04", 
    "L3": "V04C", 
    "L1": "V"
  }, 
  "V04CD": {
    "L2": "V04", 
    "L3": "V04C", 
    "L1": "V"
  }, 
  "V04CE": {
    "L2": "V04", 
    "L3": "V04C", 
    "L1": "V"
  }, 
  "A03CB": {
    "L2": "A03", 
    "L3": "A03C", 
    "L1": "A"
  }, 
  "A03CC": {
    "L2": "A03", 
    "L3": "A03C", 
    "L1": "A"
  }, 
  "V04CX": {
    "L2": "V04", 
    "L3": "V04C", 
    "L1": "V"
  }, 
  "A03CA": {
    "L2": "A03", 
    "L3": "A03C", 
    "L1": "A"
  }, 
  "A11E": {
    "L2": "A11", 
    "L1": "A"
  }, 
  "A11D": {
    "L2": "A11", 
    "L1": "A"
  }, 
  "A11G": {
    "L2": "A11", 
    "L1": "A"
  }, 
  "V09BA": {
    "L2": "V09", 
    "L3": "V09B", 
    "L1": "V"
  }, 
  "V09AX": {
    "L2": "V09", 
    "L3": "V09A", 
    "L1": "V"
  }, 
  "G04BC": {
    "L2": "G04", 
    "L3": "G04B", 
    "L1": "G"
  }, 
  "N02B": {
    "L2": "N02", 
    "L1": "N"
  }, 
  "V20": {
    "L1": "V"
  }, 
  "B03AC": {
    "L2": "B03", 
    "L3": "B03A", 
    "L1": "B"
  }, 
  "B03AB": {
    "L2": "B03", 
    "L3": "B03A", 
    "L1": "B"
  }, 
  "S01LA": {
    "L2": "S01", 
    "L3": "S01L", 
    "L1": "S"
  }, 
  "A04AD": {
    "L2": "A04", 
    "L3": "A04A", 
    "L1": "A"
  }, 
  "C02DA": {
    "L2": "C02", 
    "L3": "C02D", 
    "L1": "C"
  }, 
  "B03AE": {
    "L2": "B03", 
    "L3": "B03A", 
    "L1": "B"
  }, 
  "B03AD": {
    "L2": "B03", 
    "L3": "B03A", 
    "L1": "B"
  }, 
  "A10AD": {
    "L2": "A10", 
    "L3": "A10A", 
    "L1": "A"
  }, 
  "A10AE": {
    "L2": "A10", 
    "L3": "A10A", 
    "L1": "A"
  }, 
  "A10AF": {
    "L2": "A10", 
    "L3": "A10A", 
    "L1": "A"
  }, 
  "A11A": {
    "L2": "A11", 
    "L1": "A"
  }, 
  "N05CD": {
    "L2": "N05", 
    "L3": "N05C", 
    "L1": "N"
  }, 
  "A10AC": {
    "L2": "A10", 
    "L3": "A10A", 
    "L1": "A"
  }, 
  "R03D": {
    "L2": "R03", 
    "L1": "R"
  }, 
  "R03C": {
    "L2": "R03", 
    "L1": "R"
  }, 
  "R03B": {
    "L2": "R03", 
    "L1": "R"
  }, 
  "R03A": {
    "L2": "R03", 
    "L1": "R"
  }, 
  "A05A": {
    "L2": "A05", 
    "L1": "A"
  }, 
  "M03AA": {
    "L2": "M03", 
    "L3": "M03A", 
    "L1": "M"
  }, 
  "M03AB": {
    "L2": "M03", 
    "L3": "M03A", 
    "L1": "M"
  }, 
  "M03AC": {
    "L2": "M03", 
    "L3": "M03A", 
    "L1": "M"
  }, 
  "C03AA": {
    "L2": "C03", 
    "L3": "C03A", 
    "L1": "C"
  }, 
  "V09A": {
    "L2": "V09", 
    "L1": "V"
  }, 
  "G03CA": {
    "L2": "G03", 
    "L3": "G03C", 
    "L1": "G"
  }, 
  "M03AX": {
    "L2": "M03", 
    "L3": "M03A", 
    "L1": "M"
  }, 
  "V03A": {
    "L2": "V03", 
    "L1": "V"
  }, 
  "V10BX": {
    "L2": "V10", 
    "L3": "V10B", 
    "L1": "V"
  }, 
  "A10": {
    "L1": "A"
  }, 
  "G03GA": {
    "L2": "G03", 
    "L3": "G03G", 
    "L1": "G"
  }, 
  "G03GB": {
    "L2": "G03", 
    "L3": "G03G", 
    "L1": "G"
  }, 
  "R03": {
    "L1": "R"
  }, 
  "V09B": {
    "L2": "V09", 
    "L1": "V"
  }, 
  "V08": {
    "L1": "V"
  }, 
  "P02BX": {
    "L2": "P02", 
    "L3": "P02B", 
    "L1": "P"
  }, 
  "B05AA": {
    "L2": "B05", 
    "L3": "B05A", 
    "L1": "B"
  }, 
  "V09E": {
    "L2": "V09", 
    "L1": "V"
  }, 
  "B02BX": {
    "L2": "B02", 
    "L3": "B02B", 
    "L1": "B"
  }, 
  "H01BB": {
    "L2": "H01", 
    "L3": "H01B", 
    "L1": "H"
  }, 
  "B02A": {
    "L2": "B02", 
    "L1": "B"
  }, 
  "D07C": {
    "L2": "D07", 
    "L1": "D"
  }, 
  "H01BA": {
    "L2": "H01", 
    "L3": "H01B", 
    "L1": "H"
  }, 
  "B02BC": {
    "L2": "B02", 
    "L3": "B02B", 
    "L1": "B"
  }, 
  "B05AX": {
    "L2": "B05", 
    "L3": "B05A", 
    "L1": "B"
  }, 
  "B02BA": {
    "L2": "B02", 
    "L3": "B02B", 
    "L1": "B"
  }, 
  "G01AG": {
    "L2": "G01", 
    "L3": "G01A", 
    "L1": "G"
  }, 
  "G01AA": {
    "L2": "G01", 
    "L3": "G01A", 
    "L1": "G"
  }, 
  "A05BA": {
    "L2": "A05", 
    "L3": "A05B", 
    "L1": "A"
  }, 
  "G01AC": {
    "L2": "G01", 
    "L3": "G01A", 
    "L1": "G"
  }, 
  "H04": {
    "L1": "H"
  }, 
  "S03": {
    "L1": "S"
  }, 
  "R03BC": {
    "L2": "R03", 
    "L3": "R03B", 
    "L1": "R"
  }, 
  "V08AD": {
    "L2": "V08", 
    "L3": "V08A", 
    "L1": "V"
  }, 
  "D10A": {
    "L2": "D10", 
    "L1": "D"
  }, 
  "V08AA": {
    "L2": "V08", 
    "L3": "V08A", 
    "L1": "V"
  }, 
  "V08AB": {
    "L2": "V08", 
    "L3": "V08A", 
    "L1": "V"
  }, 
  "V08AC": {
    "L2": "V08", 
    "L3": "V08A", 
    "L1": "V"
  }, 
  "S01": {
    "L1": "S"
  }, 
  "S02": {
    "L1": "S"
  }, 
  "R03BA": {
    "L2": "R03", 
    "L3": "R03B", 
    "L1": "R"
  }, 
  "R03AB": {
    "L2": "R03", 
    "L3": "R03A", 
    "L1": "R"
  }, 
  "D09AX": {
    "L2": "D09", 
    "L3": "D09A", 
    "L1": "D"
  }, 
  "D09AB": {
    "L2": "D09", 
    "L3": "D09A", 
    "L1": "D"
  }, 
  "D09AA": {
    "L2": "D09", 
    "L3": "D09A", 
    "L1": "D"
  }, 
  "A11B": {
    "L2": "A11", 
    "L1": "A"
  }, 
  "L01DC": {
    "L2": "L01", 
    "L3": "L01D", 
    "L1": "L"
  }, 
  "C02N": {
    "L2": "C02", 
    "L1": "C"
  }, 
  "C03BX": {
    "L2": "C03", 
    "L3": "C03B", 
    "L1": "C"
  }, 
  "C02K": {
    "L2": "C02", 
    "L1": "C"
  }, 
  "V09DX": {
    "L2": "V09", 
    "L3": "V09D", 
    "L1": "V"
  }, 
  "C03CX": {
    "L2": "C03", 
    "L3": "C03C", 
    "L1": "C"
  }, 
  "C02D": {
    "L2": "C02", 
    "L1": "C"
  }, 
  "P03BX": {
    "L2": "P03", 
    "L3": "P03B", 
    "L1": "P"
  }, 
  "C02B": {
    "L2": "C02", 
    "L1": "C"
  }, 
  "C02A": {
    "L2": "C02", 
    "L1": "C"
  }, 
  "J01X": {
    "L2": "J01", 
    "L1": "J"
  }, 
  "C03BK": {
    "L2": "C03", 
    "L3": "C03B", 
    "L1": "C"
  }, 
  "A03B": {
    "L2": "A03", 
    "L1": "A"
  }, 
  "J01AA": {
    "L2": "J01", 
    "L3": "J01A", 
    "L1": "J"
  }, 
  "P03BA": {
    "L2": "P03", 
    "L3": "P03B", 
    "L1": "P"
  }, 
  "J01E": {
    "L2": "J01", 
    "L1": "J"
  }, 
  "C03BC": {
    "L2": "C03", 
    "L3": "C03B", 
    "L1": "C"
  }, 
  "D07AD": {
    "L2": "D07", 
    "L3": "D07A", 
    "L1": "D"
  }, 
  "C03BA": {
    "L2": "C03", 
    "L3": "C03B", 
    "L1": "C"
  }, 
  "D07AA": {
    "L2": "D07", 
    "L3": "D07A", 
    "L1": "D"
  }, 
  "C10AC": {
    "L2": "C10", 
    "L3": "C10A", 
    "L1": "C"
  }, 
  "D07AC": {
    "L2": "D07", 
    "L3": "D07A", 
    "L1": "D"
  }, 
  "D07AB": {
    "L2": "D07", 
    "L3": "D07A", 
    "L1": "D"
  }, 
  "A15": {
    "L1": "A"
  }, 
  "S01ED": {
    "L2": "S01", 
    "L3": "S01E", 
    "L1": "S"
  }, 
  "A16": {
    "L1": "A"
  }, 
  "A11": {
    "L1": "A"
  }, 
  "A07AA": {
    "L2": "A07", 
    "L3": "A07A", 
    "L1": "A"
  }, 
  "J01XX": {
    "L2": "J01", 
    "L3": "J01X", 
    "L1": "J"
  }, 
  "A07AC": {
    "L2": "A07", 
    "L3": "A07A", 
    "L1": "A"
  }, 
  "A03DC": {
    "L2": "A03", 
    "L3": "A03D", 
    "L1": "A"
  }, 
  "A03DB": {
    "L2": "A03", 
    "L3": "A03D", 
    "L1": "A"
  }, 
  "A03DA": {
    "L2": "A03", 
    "L3": "A03D", 
    "L1": "A"
  }, 
  "G04CX": {
    "L2": "G04", 
    "L3": "G04C", 
    "L1": "G"
  }, 
  "J01G": {
    "L2": "J01", 
    "L1": "J"
  }, 
  "C09B": {
    "L2": "C09", 
    "L1": "C"
  }, 
  "G04CB": {
    "L2": "G04", 
    "L3": "G04C", 
    "L1": "G"
  }, 
  "G04CA": {
    "L2": "G04", 
    "L3": "G04C", 
    "L1": "G"
  }, 
  "J01F": {
    "L2": "J01", 
    "L1": "J"
  }, 
  "D05AX": {
    "L2": "D05", 
    "L3": "D05A", 
    "L1": "D"
  }, 
  "C09D": {
    "L2": "C09", 
    "L1": "C"
  }, 
  "N01A": {
    "L2": "N01", 
    "L1": "N"
  }, 
  "J01A": {
    "L2": "J01", 
    "L1": "J"
  }, 
  "J01XD": {
    "L2": "J01", 
    "L3": "J01X", 
    "L1": "J"
  }, 
  "J01XE": {
    "L2": "J01", 
    "L3": "J01X", 
    "L1": "J"
  }, 
  "A07AX": {
    "L2": "A07", 
    "L3": "A07A", 
    "L1": "A"
  }, 
  "J01XC": {
    "L2": "J01", 
    "L3": "J01X", 
    "L1": "J"
  }, 
  "V10A": {
    "L2": "V10", 
    "L1": "V"
  }, 
  "P01BC": {
    "L2": "P01", 
    "L3": "P01B", 
    "L1": "P"
  }, 
  "D10BA": {
    "L2": "D10", 
    "L3": "D10B", 
    "L1": "D"
  }, 
  "B03XA": {
    "L2": "B03", 
    "L3": "B03X", 
    "L1": "B"
  }, 
  "J07AF": {
    "L2": "J07", 
    "L3": "J07A", 
    "L1": "J"
  }, 
  "A06A": {
    "L2": "A06", 
    "L1": "A"
  }, 
  "J02": {
    "L1": "J"
  }, 
  "B05XX": {
    "L2": "B05", 
    "L3": "B05X", 
    "L1": "B"
  }, 
  "C09DX": {
    "L2": "C09", 
    "L3": "C09D", 
    "L1": "C"
  }, 
  "V09XX": {
    "L2": "V09", 
    "L3": "V09X", 
    "L1": "V"
  }, 
  "B05XB": {
    "L2": "B05", 
    "L3": "B05X", 
    "L1": "B"
  }, 
  "C09DB": {
    "L2": "C09", 
    "L3": "C09D", 
    "L1": "C"
  }, 
  "C09DA": {
    "L2": "C09", 
    "L3": "C09D", 
    "L1": "C"
  }, 
  "B05XA": {
    "L2": "B05", 
    "L3": "B05X", 
    "L1": "B"
  }, 
  "G04C": {
    "L2": "G04", 
    "L1": "G"
  }, 
  "G04B": {
    "L2": "G04", 
    "L1": "G"
  }, 
  "D10BX": {
    "L2": "D10", 
    "L3": "D10B", 
    "L1": "D"
  }, 
  "C01": {
    "L1": "C"
  }, 
  "C02": {
    "L1": "C"
  }, 
  "C03": {
    "L1": "C"
  }, 
  "C04": {
    "L1": "C"
  }, 
  "C05": {
    "L1": "C"
  }, 
  "C07": {
    "L1": "C"
  }, 
  "G03XA": {
    "L2": "G03", 
    "L3": "G03X", 
    "L1": "G"
  }, 
  "A03AX": {
    "L2": "A03", 
    "L3": "A03A", 
    "L1": "A"
  }, 
  "G03XC": {
    "L2": "G03", 
    "L3": "G03X", 
    "L1": "G"
  }, 
  "N06BX": {
    "L2": "N06", 
    "L3": "N06B", 
    "L1": "N"
  }, 
  "R03BB": {
    "L2": "R03", 
    "L3": "R03B", 
    "L1": "R"
  }, 
  "R05CB": {
    "L2": "R05", 
    "L3": "R05C", 
    "L1": "R"
  }, 
  "R05CA": {
    "L2": "R05", 
    "L3": "R05C", 
    "L1": "R"
  }, 
  "J01FG": {
    "L2": "J01", 
    "L3": "J01F", 
    "L1": "J"
  }, 
  "S03C": {
    "L2": "S03", 
    "L1": "S"
  }, 
  "A01A": {
    "L2": "A01", 
    "L1": "A"
  }, 
  "M02AA": {
    "L2": "M02", 
    "L3": "M02A", 
    "L1": "M"
  }, 
  "A07XA": {
    "L2": "A07", 
    "L3": "A07X", 
    "L1": "A"
  }, 
  "P02BA": {
    "L2": "P02", 
    "L3": "P02B", 
    "L1": "P"
  }, 
  "N06BA": {
    "L2": "N06", 
    "L3": "N06B", 
    "L1": "N"
  }, 
  "P02BB": {
    "L2": "P02", 
    "L3": "P02B", 
    "L1": "P"
  }, 
  "C01EX": {
    "L2": "C01", 
    "L3": "C01E", 
    "L1": "C"
  }, 
  "D01AE": {
    "L2": "D01", 
    "L3": "D01A", 
    "L1": "D"
  }, 
  "R03BX": {
    "L2": "R03", 
    "L3": "R03B", 
    "L1": "R"
  }, 
  "P03AX": {
    "L2": "P03", 
    "L3": "P03A", 
    "L1": "P"
  }
}