1,"DIAG: 794.3: Abnormal results of function study, cardiovascular",MED: loop diuretics,1
2,DIAG: 401: hypertension,MED: loop diuretics,1
2,DIAG: 401: hypertension,MED: loop diuretics,1
30,DIAG: 786.5: Unspecified chest pain,MED: loop diuretics,1
88,DIAG: 786.5: Unspecified chest pain,MED: loop diuretics,1
88,"DIAG: 244: Hypothyroidism, acquired or NOS",MED: loop diuretics,1
88,"DIAG: 250.2: Diabetes mellitus, Type 2",MED: loop diuretics,1
77,"DIAG: 250.2: Diabetes mellitus, Type 2",MED: loop diuretics,1
77,DIAG: 278.1: Obesity,MED: loop diuretics,1
77,"DIAG: 794.3: Abnormal results of function study, cardiovascular","MED: antiadrenergic agents, centrally acting",1
77,DIAG: 401: hypertension,MED: loop diuretics,1
77,DIAG: 786.5: Unspecified chest pain,MED: loop diuretics,1
77,DIAG: 786.5: Unspecified chest pain,MED: loop diuretics,1
1,DIAG: 401: hypertension,MED: loop diuretics,1
1,DIAG: 401: hypertension,MED: loop diuretics,1
1,DIAG: 786.5: Unspecified chest pain,MED: loop diuretics,1
1,DIAG: 786.5: Unspecified chest pain,MED: loop diuretics,1
1,DIAG: 401: hypertension,MED: loop diuretics,1
1,DIAG: 401: hypertension,MED: loop diuretics,1
1,DIAG: 786.5: Unspecified chest pain,MED: loop diuretics,1
1,DIAG: 786.5: Unspecified chest pain,MED: loop diuretics,1
2,DIAG: 401: hypertension,MED: loop diuretics,1
2,DIAG: 401: hypertension,MED: loop diuretics,1
2,DIAG: 786.5: Unspecified chest pain,MED: loop diuretics,1
2,DIAG: 786.5: Unspecified chest pain,MED: loop diuretics,1
2,"DIAG: 244: Hypothyroidism, acquired or NOS",MED: loop diuretics,1
2,"DIAG: 250.2: Diabetes mellitus, Type 2",MED: loop diuretics,1
2,"DIAG: 250.2: Diabetes mellitus, Type 2",MED: loop diuretics,1
2,DIAG: 786.5: Unspecified chest pain,MED: loop diuretics,1
2,DIAG: 786.5: Unspecified chest pain,MED: loop diuretics,1
2,"DIAG: 244: Hypothyroidism, acquired or NOS",MED: loop diuretics,1
2,"DIAG: 250.2: Diabetes mellitus, Type 2",MED: loop diuretics,1
77,"DIAG: 250.2: Diabetes mellitus, Type 2",MED: loop diuretics,1
77,DIAG: 786.5: Unspecified chest pain,MED: loop diuretics,1
77,DIAG: 786.5: Unspecified chest pain,MED: loop diuretics,1
77,"DIAG: 244: Hypothyroidism, acquired or NOS",MED: loop diuretics,1
77,"DIAG: 250.2: Diabetes mellitus, Type 2",MED: loop diuretics,1
77,"DIAG: 250.2: Diabetes mellitus, Type 2",MED: loop diuretics,1
77,DIAG: 786.5: Unspecified chest pain,MED: loop diuretics,1
77,DIAG: 786.5: Unspecified chest pain,MED: loop diuretics,1
88,"DIAG: 244: Hypothyroidism, acquired or NOS",MED: loop diuretics,1
88,"DIAG: 250.2: Diabetes mellitus, Type 2",MED: loop diuretics,1
88,"DIAG: 250.2: Diabetes mellitus, Type 2",MED: loop diuretics,1
88,DIAG: 786.5: Unspecified chest pain,MED: loop diuretics,1
88,DIAG: 786.5: Unspecified chest pain,MED: loop diuretics,1
88,"DIAG: 244: Hypothyroidism, acquired or NOS",MED: loop diuretics,1
88,"DIAG: 250.2: Diabetes mellitus, Type 2",MED: loop diuretics,1
88,"DIAG: 250.2: Diabetes mellitus, Type 2",MED: loop diuretics,1
