Tournament Wins,School,Season,PPG,Opp PPG,Rank Rating,Kenpom,Seed,SOS,2PPG,2PAPG,3PPG,3PAPG,FTPG,FTAPG,ORBPG,DRBPG,ASTPG,STLPG,BLKPG,TOVPG,PFPG,FG%,2P%,3P%,FT%
2,Southern California,2016-17,78.7,73.18,7.07,350.00,11.00,98.00,19.22222222,37.69444444,7.861111111,21.72222222,16.19444444,21.86111111,7.083333333,20.77777778,14,5.805555556,1.833333333,12.30555556,15.22222222,0.456,0.51,0.362,0.741
1,Florida State,2016-17,82.45,71.27,8.31,350.00,3.00,34.00,22.94285714,42.14285714,6.657142857,19.17142857,16.22857143,23.54285714,8.771428571,25.08571429,15.8,6.914285714,2.828571429,10.17142857,18.71428571,0.483,0.544,0.347,0.689
1,Iowa State,2016-17,80.88,72,8.03,350.00,5.00,11.00,19.62857143,37.88571429,9.828571429,24.57142857,12.08571429,17.25714286,6.771428571,24.48571429,13.45714286,4.771428571,5.2,10.68571429,18.14285714,0.472,0.518,0.4,0.7
1,Kansas State,2016-17,71.73,66.94,6.84,350.00,11.00,25.00,17.77142857,34.28571429,7.057142857,19.51428571,15.37142857,22.14285714,9.685714286,22.97142857,15.71428571,6.542857143,3.514285714,11.11428571,16.85714286,0.461,0.518,0.362,0.694
1,Michigan State,2016-17,71.73,68.36,6.35,350.00,9.00,12.00,18.05714286,34.14285714,7.8,20.91428571,12.34285714,18.45714286,10.34285714,23,15.62857143,4.628571429,3.457142857,10.54285714,16.6,0.47,0.529,0.373,0.669
1,Mount St. Mary's,2016-17,68.32,68.59,3.80,350.00,16.00,267.00,17.11111111,34.63888889,7.25,20.27777778,11.97222222,17.77777778,8.166666667,21.44444444,13.05555556,5,4.277777778,11.55555556,17,0.444,0.494,0.358,0.673
1,Saint Mary's (CA),2016-17,72,56.5,8.24,350.00,7.00,116.00,17.61764706,30.97058824,8.617647059,21.88235294,10.94117647,14.67647059,10.05882353,24.85294118,15.14705882,7.058823529,6,13.79411765,15.17647059,0.496,0.569,0.394,0.745
1,UC-Davis,2016-17,70.47,68.91,4.68,350.00,16.00,305.00,18.11111111,38.13888889,6.138888889,17.63888889,15.5,23,7.916666667,21.27777778,11.27777778,6.833333333,5.833333333,9.611111111,16.25,0.435,0.475,0.348,0.674
1,Wichita State,2016-17,82.06,62.44,7.45,350.00,10.00,262.00,18.94444444,37.36111111,8.611111111,21.36111111,17.27777778,23.55555556,9.694444444,21.77777778,12.80555556,6.527777778,3.75,11.61111111,16.47222222,0.469,0.507,0.403,0.733
0,East Tennessee State,2016-17,79.91,69.35,7.37,350.00,13.00,203.00,19.85714286,36.4,7.571428571,19.8,17.05714286,24.28571429,14.62857143,22.45714286,14.57142857,9.8,2.628571429,13.71428571,23.4,0.488,0.546,0.382,0.702
0,Jacksonville State,2016-17,69.74,67.65,4.88,350.00,15.00,226.00,17.11428571,33.82857143,7.371428571,19.57142857,13.2,18.48571429,9.228571429,23.05714286,12.28571429,5.314285714,4.085714286,8.857142857,13.82857143,0.459,0.506,0.377,0.714
0,Kent State,2016-17,76.91,72.31,6.11,350.00,14.00,180.00,20.25,41.63888889,7.138888889,22.30555556,15.08333333,20.97222222,8.777777778,27.41666667,17.63888889,7.805555556,3.777777778,11.69444444,18.88888889,0.428,0.486,0.32,0.719
0,Miami (FL),2016-17,69.38,63.69,7.27,350.00,8.00,36.00,18.3030303,36.75757576,6.333333333,17.78787879,13.42424242,18.6969697,15.48484848,30.63636364,21.45454545,8.121212121,5.363636364,12.87878788,21.72727273,0.452,0.498,0.356,0.718
0,New Mexico State,2016-17,78.94,67.24,6.91,350.00,14.00,314.00,19.44117647,35.58823529,7.411764706,21.97058824,17.64705882,24.79411765,12.14705882,28.70588235,17.17647059,6.735294118,5.911764706,12.61764706,21.05882353,0.467,0.546,0.337,0.712
0,North Carolina-Wilmington,2016-17,85.18,74.94,7.55,350.00,12.00,176.00,21,37.54285714,9.6,26.2,13.97142857,20.22857143,15.77142857,29.97142857,20.6,8.057142857,3.971428571,13.34285714,20.28571429,0.48,0.559,0.366,0.691
0,Oklahoma State,2016-17,85.53,78.03,7.49,350.00,10.00,8.00,20.09090909,39.93939394,8.909090909,22.18181818,18.78787879,23.81818182,11.18181818,28.63636364,15.93939394,8.333333333,3.96969697,12.60606061,20.57575758,0.467,0.503,0.402,0.789
0,South Dakota State,2016-17,77.56,77.38,4.60,350.00,16.00,122.00,16.08571429,30.14285714,9.085714286,25.22857143,17.22857143,22.34285714,10.65714286,25.37142857,13.57142857,6.771428571,5,13.02857143,18.25714286,0.455,0.534,0.36,0.771
0,Southern Methodist,2016-17,74.53,59.82,8.22,350.00,6.00,117.00,17.94285714,35.11428571,8.171428571,20.14285714,13.85714286,19.88571429,9.257142857,32.57142857,17,7.571428571,5.228571429,12.65714286,18.85714286,0.473,0.511,0.406,0.697
0,Virginia Commonwealth,2016-17,74.68,66.41,7.64,350.00,10.00,102.00,21.31428571,41.37142857,5.685714286,17.2,15.05714286,21.34285714,10.8,24.68571429,12.88571429,6.4,1.714285714,11.6,20.28571429,0.461,0.515,0.331,0.705
0,Texas Southern,2016-17,74.38,71.74,4.88,207.00,16.00,334.00,18.88571429,37.77142857,5.857142857,19.8,18.74285714,25.51428571,14.11428571,28.22857143,15.25714286,7.4,6.514285714,13,18.37142857,0.43,0.5,0.296,0.735
0,New Orleans,2016-17,73.06,69.29,5.29,178.00,16.00,309.00,21.59375,41.15625,4.34375,13.6875,16.625,23.40625,10.46875,28.03125,15.75,5.4375,3.96875,9.0625,15.5625,0.473,0.525,0.317,0.71
0,North Dakota,2016-17,80.52,72.81,6.36,173.00,15.00,278.00,21.8125,41.6875,7.125,18.28125,15.5625,21.8125,8.75,25.03125,17.15625,6.21875,3.71875,10.3125,18.46875,0.483,0.523,0.39,0.713
0,North Carolina Central,2016-17,75.12,63.39,6.55,152.00,16.00,351.00,19.26470588,36.58823529,7.5,22.38235294,13.73529412,20.11764706,11.58823529,25.73529412,14.97058824,8.058823529,3.470588235,12.5,17.85294118,0.454,0.527,0.335,0.683
0,Northern Kentucky,2016-17,76.15,71.41,6.17,147.00,15.00,225.00,17.94285714,33.65714286,8.571428571,24.54285714,14.37142857,21.14285714,12.17142857,23.11428571,13.48571429,7.142857143,4.114285714,13.14285714,20.91428571,0.456,0.533,0.349,0.68
0,Troy,2016-17,78.44,71.67,6.11,130.00,15.00,221.00,18.13513514,34.75675676,8.405405405,23.43243243,16.59459459,22.89189189,11.7027027,27.13513514,14.2972973,6.513513514,9.297297297,11.97297297,15.94594595,0.456,0.522,0.359,0.725
0,Iona,2016-17,80.47,76.35,5.58,118.00,14.00,270.00,18.2,36.94285714,9.771428571,24.62857143,14.65714286,19.08571429,11.88571429,24.22857143,13.17142857,6.485714286,5.285714286,10.62857143,18.62857143,0.454,0.493,0.397,0.768
0,Winthrop,2016-17,79.72,70.19,7.03,112.00,13.00,252.00,17.51515152,33.87878788,9.484848485,25.42424242,15.75757576,21.96969697,13.60606061,27.45454545,16.06060606,8.757575758,5.242424242,14.57575758,21.21212121,0.455,0.517,0.373,0.717
0,Florida Gulf Coast,2016-17,79.42,68.79,7.43,108.00,14.00,194.00,23.11764706,40.61764706,6.5,18.70588235,13.70588235,19.52941176,8.176470588,21.82352941,14.08823529,9.441176471,4.205882353,10.5,18.82352941,0.499,0.569,0.347,0.702
0,Bucknell,2016-17,76.09,67.35,6.55,80.00,13.00,300.00,18.74285714,34.48571429,8.171428571,21.54285714,14.2,20.85714286,10.17142857,27.22857143,15.34285714,6.971428571,5.371428571,13.45714286,18,0.48,0.543,0.379,0.681
0,Vermont,2016-17,73.56,61.59,7.29,63.00,13.00,255.00,20.4,36.8,6.542857143,17.74285714,13.02857143,18.6,10.02857143,25.57142857,16.11428571,6.8,3.085714286,10.31428571,14.14285714,0.494,0.554,0.369,0.7
0,Princeton,2016-17,72.1,61.48,7.32,59.00,12.00,213.00,15.8,30.9,9.933333333,26.3,10.23333333,13.86666667,9.3,27.83333333,16.83333333,8.6,3.633333333,12.83333333,17.1,0.45,0.511,0.378,0.738
0,Providence,2016-17,70.25,66.63,6.60,56.00,11.00,45.00,17.12121212,34.84848485,7.242424242,19.54545455,14.3030303,20.6969697,10.63636364,30.27272727,18.3030303,7.666666667,4.787878788,14.12121212,21.78787879,0.448,0.491,0.371,0.691
0,Nevada,2016-17,79.97,70.94,7.57,55.00,12.00,155.00,17.51428571,35.57142857,9.142857143,23.91428571,17.31428571,24.54285714,10.97142857,22.54285714,13.02857143,9.771428571,4.371428571,10.71428571,19.71428571,0.448,0.492,0.382,0.705
0,Seton Hall,2016-17,73.31,70.19,6.59,53.00,9.00,48.00,20.3030303,40.93939394,6.121212121,18.12121212,14.27272727,22.21212121,11.78787879,28.36363636,17.39393939,6.757575758,5.242424242,11.57575758,18.93939394,0.447,0.496,0.338,0.643
1,Middle Tennessee,2016-17,75.03,63.32,7.70,48.00,12.00,190.00,21.83333333,40.41666667,6.333333333,17.27777778,12.25,17.52777778,8.972222222,22.22222222,13.86111111,6.277777778,4.944444444,12.27777778,18.02777778,0.488,0.54,0.367,0.699
0,Maryland,2016-17,74.16,67.81,7.49,45.00,6.00,69.00,16.81818182,32.81818182,8.242424242,22.93939394,15.51515152,22.18181818,14.39393939,24.42424242,18.39393939,11.24242424,5.333333333,13.33333333,22.90909091,0.449,0.512,0.359,0.699
0,Virginia Tech,2016-17,79.25,74.41,7.11,44.00,9.00,60.00,18.09090909,33.12121212,8.787878788,21.81818182,16.54545455,22.45454545,11.72727273,29.60606061,17.66666667,8.575757576,6.727272727,15.15151515,20.42424242,0.489,0.546,0.403,0.737
3,Xavier,2016-17,74.62,71.35,6.52,40.00,11.00,17.00,18.78947368,36.10526316,7.026315789,20.42105263,15.97368421,23.18421053,7.736842105,22.52631579,12.13157895,5.315789474,3.105263158,13.34210526,18.10526316,0.457,0.52,0.344,0.689
1,Northwestern,2016-17,71.09,65.06,7.23,39.00,8.00,67.00,18.25,37.41666667,7.111111111,20.75,13.22222222,17.69444444,10.83333333,26.80555556,17.94444444,5.638888889,4.888888889,11.88888889,20.47222222,0.436,0.488,0.343,0.747
1,Arkansas,2016-17,79.79,74,7.39,38.00,8.00,57.00,21.22222222,42.41666667,6.472222222,17.72222222,17.44444444,22.91666667,10.88888889,25.25,15.11111111,6.972222222,2.861111111,10.91666667,19.05555556,0.461,0.5,0.365,0.761
1,Rhode Island,2016-17,73.36,64.88,7.56,37.00,11.00,94.00,19.97142857,39.02857143,6.2,18.65714286,15.08571429,22.6,5.942857143,22.11428571,14.25714286,3.742857143,2.6,11.14285714,15.57142857,0.454,0.512,0.332,0.668
0,Dayton,2016-17,76.45,66.52,7.61,36.00,7.00,143.00,17.5625,34.125,8.0625,20.96875,16.5625,24,10.375,25.9375,16.34375,7.375,4.40625,12.46875,20.96875,0.465,0.515,0.385,0.69
0,Vanderbilt,2016-17,71.26,68.15,6.14,34.00,9.00,5.00,13.4,27.85714286,9.885714286,26.31428571,14.65714286,18.85714286,13.82857143,25.65714286,16.65714286,12.25714286,4.8,13.94285714,20.74285714,0.43,0.481,0.376,0.777
0,Minnesota,2016-17,75.27,69.09,7.64,33.00,5.00,26.00,19.94117647,41.97058824,6.147058824,17.94117647,16.85294118,23.70588235,9.558823529,25.44117647,14.17647059,5.647058824,4.382352941,10.64705882,17.35294118,0.435,0.475,0.343,0.711
4,South Carolina,2016-17,72.06,64.47,7.51,31.00,7.00,65.00,18.27027027,39.56756757,6.702702703,19.81081081,16.51351351,23.62162162,8.567567568,22.86486486,10.2972973,4.567567568,2.27027027,10.40540541,18.10810811,0.421,0.462,0.338,0.699
0,Wake Forest,2016-17,82.66,77.91,6.68,30.00,11.00,39.00,19.84848485,38.12121212,8.121212121,21.12121212,18.75757576,24.09090909,11.51515152,24.51515152,17.66666667,9.939393939,4.242424242,13.33333333,22.27272727,0.472,0.521,0.385,0.779
0,Marquette,2016-17,82.52,75,7.06,28.00,10.00,73.00,18.21875,34.53125,10.5,24.46875,14.28125,18.28125,11.0625,28,15.34375,7.71875,5.75,11.3125,19.09375,0.487,0.528,0.429,0.781
0,Creighton,2016-17,82.12,72.5,7.72,27.00,6.00,91.00,22.11428571,39.17142857,8.685714286,21.88571429,11.54285714,16.91428571,7.028571429,21.65714286,13.51428571,5.428571429,3.942857143,9.114285714,15.88571429,0.504,0.565,0.397,0.682
2,Butler,2016-17,76.29,68.39,7.96,26.00,4.00,22.00,18.97058824,34.82352941,7.676470588,21,15.35294118,20.70588235,7.735294118,23.38235294,14.32352941,7.382352941,2.735294118,12.20588235,19.70588235,0.477,0.545,0.366,0.741
1,Notre Dame,2016-17,78,69.21,8.02,25.00,5.00,23.00,17.94444444,35.27777778,9.277777778,24.13888889,13.58333333,16.97222222,9.777777778,19.94444444,13.97222222,5.694444444,2.722222222,11.02777778,19.83333333,0.458,0.509,0.384,0.8
2,Wisconsin,2016-17,71.94,61.41,7.94,23.00,8.00,62.00,18.59459459,36.40540541,7.648648649,21.2972973,12.24324324,19,8.567567568,18.16216216,10.64864865,5.351351351,2.513513514,7.918918919,16.7027027,0.455,0.511,0.359,0.644
1,Cincinnati,2016-17,74.47,60.82,8.25,22.00,6.00,92.00,19.58333333,37.55555556,7.333333333,21.22222222,13.11111111,19.11111111,9.333333333,20.97222222,13.16666667,6.722222222,4.305555556,11.13888889,17.33333333,0.458,0.521,0.346,0.686
2,Michigan,2016-17,74.8,65.54,7.93,21.00,7.00,27.00,16.86842105,29.97368421,9.5,24.65789474,12.78947368,16.42105263,6.263157895,20.05263158,10.71052632,3.421052632,3.184210526,10,14.57894737,0.483,0.563,0.385,0.779
2,Arizona,2016-17,76.26,65.44,8.51,20.00,2.00,35.00,19.81081081,38.45945946,6.594594595,16.89189189,17.16216216,22.43243243,9.432432432,21.2972973,13.64864865,5,4.783783784,11.67567568,17.2972973,0.477,0.515,0.39,0.765
2,UCLA,2016-17,90.36,75.33,7.93,18.00,3.00,170.00,23.77777778,40.22222222,9.833333333,24.22222222,12.75,17.27777778,9.25,24.13888889,13.5,5.555555556,2.722222222,12.72222222,17.27777778,0.522,0.591,0.406,0.738
4,Oregon,2016-17,79.09,65.03,8.40,16.00,3.00,68.00,19.41025641,35.64102564,8.564102564,22.56410256,14.35897436,20.17948718,8.743589744,20.64102564,11.23076923,6.307692308,3.666666667,9.41025641,20.33333333,0.481,0.545,0.38,0.712
2,Purdue,2016-17,80.13,67.16,8.35,15.00,4.00,54.00,19,36.05714286,9,22.34285714,14.71428571,19.42857143,9.857142857,24.14285714,13.71428571,5.971428571,3.228571429,11.2,16.77142857,0.479,0.527,0.403,0.757
2,Baylor,2016-17,72.72,62.72,8.40,13.00,3.00,7.00,19.74285714,37.57142857,6.571428571,18.31428571,13.65714286,18.88571429,7.657142857,19.34285714,11.05714286,6.6,2.828571429,10.74285714,17.42857143,0.471,0.525,0.359,0.723
1,Duke,2016-17,80.66,69.83,8.48,12.00,2.00,9.00,19.13513514,35.78378378,8.405405405,22.18918919,17.35135135,22.75675676,8.594594595,23.56756757,14.10810811,4.378378378,4.648648649,9.567567568,15.54054054,0.475,0.535,0.379,0.762
3,Kansas,2016-17,82.72,72.38,8.53,10.00,1.00,16.00,20.91666667,39.05555556,8.833333333,21.86111111,14.86111111,21.91666667,6.416666667,20.94444444,11.16666667,6.194444444,3.916666667,12.63888889,17.77777778,0.488,0.536,0.404,0.678
3,Florida,2016-17,78.28,66.56,8.42,9.00,4.00,15.00,18.75,37.30555556,7.722222222,21.55555556,17.22222222,23.63888889,8.305555556,24.97222222,16.41666667,4.194444444,4.5,12.83333333,19.41666667,0.45,0.503,0.358,0.729
1,Virginia,2016-17,66.59,55.63,8.19,7.00,5.00,14.00,17.85294118,35.91176471,6.823529412,17.70588235,9.882352941,13.94117647,8.205882353,21.47058824,12.29411765,5.588235294,3.941176471,10.73529412,17.29411765,0.46,0.497,0.385,0.709
1,Louisville,2016-17,77.53,65.84,8.46,6.00,2.00,3.00,21,41.61764706,7,19.70588235,14.29411765,20.82352941,7.117647059,20.97058824,10.76470588,7.441176471,4.588235294,11.35294118,18.02941176,0.457,0.505,0.355,0.686
2,West Virginia,2016-17,81.97,66.32,8.27,5.00,4.00,77.00,21.18918919,42.54054054,7.432432432,20.51351351,16.78378378,24.51351351,11.37837838,23.48648649,11.32432432,7.648648649,5.189189189,10.89189189,16.83783784,0.454,0.498,0.362,0.685
3,Kentucky,2016-17,85.94,71.59,8.58,4.00,2.00,41.00,22.81578947,43.13157895,7.026315789,19.92105263,18.15789474,25.78947368,7.421052632,22,14.81578947,3.736842105,2.894736842,9.157894737,13.47368421,0.473,0.529,0.353,0.704
6,North Carolina,2016-17,84.91,70.62,8.60,3.00,1.00,24.00,23.575,45.875,7.075,19.95,16.05,22.9,6.65,22.125,14.425,5.45,3.55,9.8,13.55,0.466,0.514,0.355,0.701
1,Villanova,2016-17,77.68,62.79,8.60,2.00,1.00,59.00,18.16666667,30.69444444,8.638888889,23.41666667,14.94444444,18.91666667,8.972222222,21.86111111,13.77777778,5.388888889,2.666666667,11.30555556,18.63888889,0.495,0.592,0.369,0.79
5,Gonzaga,2016-17,84.58,61.15,8.06,1.00,1.00,166.00,22.12820513,39.25641026,7.333333333,19.20512821,16.35897436,22.82051282,7.487179487,24,13.69230769,4.717948718,3.051282051,8.948717949,14.94871795,0.504,0.564,0.382,0.717
2,Iowa State,2015-16,81.84,74.91,0.83,350.00,4.00,17.00,22.68571429,40.02857143,8.371428571,21.65714286,11.28571429,16.08571429,6.714285714,22.28571429,9,4.457142857,3.514285714,9.2,14.34285714,0.503,0.567,0.387,0.702
2,Wichita State,2015-16,73.22,59.25,1.08,350.00,11.00,183.00,17.62857143,35.77142857,7.142857143,22.02857143,15.74285714,21.94285714,5.8,19.97142857,14.05714286,5.657142857,3.142857143,12.65714286,16.2,0.429,0.493,0.324,0.717
2,Miami (FL),2015-16,75.63,66.81,1.89,350.00,3.00,19.00,19.02857143,35.77142857,6.885714286,18.37142857,16.51428571,22.05714286,9.228571429,24.88571429,13,6.142857143,3.514285714,11.48571429,20,0.479,0.532,0.375,0.749
1,Arkansas-Little Rock,2015-16,70.94,59.64,0.00,350.00,12.00,270.00,17.71428571,36.14285714,7.6,19.8,12.82857143,17.6,10.97142857,23.11428571,14.08571429,8.571428571,4.628571429,12.11428571,17.02857143,0.453,0.49,0.384,0.729
1,Virginia Commonwealth,2015-16,77.21,67.29,0.71,350.00,10.00,146.00,20.77777778,41.47222222,7.277777778,20.69444444,13.86111111,20.02777778,10,20.5,17.63888889,8.611111111,3.388888889,11.02777778,19.44444444,0.451,0.501,0.352,0.692
1,Saint Joseph's,2015-16,77.59,69.91,0.73,350.00,8.00,114.00,20.13888889,38.5,6.972222222,21.30555556,16.02777778,22.38888889,8.083333333,18.61111111,12.77777778,7.333333333,2.555555556,13.25,21.05555556,0.453,0.523,0.327,0.716
0,Cal State Bakersfield,2015-16,73.03,63.19,0.01,350.00,15.00,299.00,21.09090909,42.87878788,5.424242424,15.87878788,14.42424242,22,10.72727273,25.03030303,16.6969697,7.060606061,3.757575758,12.36363636,17.42424242,0.451,0.492,0.342,0.656
0,Weber State,2015-16,76.74,66.85,0.01,350.00,15.00,274.00,17.62857143,31.42857143,8.314285714,22.42857143,15.85714286,23.45714286,11.48571429,24.31428571,14.88571429,6.314285714,3.742857143,12.82857143,15.57142857,0.482,0.561,0.371,0.676
0,Oregon State,2015-16,72.06,69.97,0.06,350.00,7.00,22.00,18.53125,39.25,6.8125,18.34375,14.40625,21.46875,12.875,27.125,17.8125,8.9375,5.5625,16.1875,21.03125,0.44,0.472,0.371,0.671
0,Fresno State,2015-16,75.2,70.14,0.26,350.00,14.00,122.00,20.2,42.51428571,6.257142857,18.22857143,15.97142857,23,10.8,24.02857143,12.08571429,8.228571429,5.8,15.31428571,18.6,0.436,0.475,0.343,0.694
0,North Carolina-Asheville,2015-16,75.64,67.48,0.30,350.00,15.00,178.00,20.67647059,40.29411765,5.735294118,17.73529412,16.5,23.76470588,9.176470588,23.61764706,12.44117647,5.882352941,4.029411765,13.58823529,16.23529412,0.455,0.513,0.323,0.694
0,North Carolina-Wilmington,2015-16,79.22,71.44,0.34,350.00,13.00,185.00,21.15151515,41.27272727,6.96969697,20.51515152,16.18181818,23.03030303,11.15151515,26,15.84848485,10.03030303,4.212121212,16.39393939,19.63636364,0.455,0.512,0.34,0.703
0,South Dakota State,2015-16,76.27,67.79,0.35,350.00,12.00,200.00,18.29411765,36.32352941,7.5,21.02941176,17.11764706,23.02941176,11.47058824,21.91176471,14.32352941,10.17647059,3.029411765,14,21.26470588,0.45,0.504,0.357,0.743
0,Southern California,2015-16,80.85,74.76,0.47,350.00,8.00,50.00,21.05882353,42.64705882,7.823529412,20.23529412,14.91176471,22.05882353,10.67647059,27.88235294,15.82352941,8.764705882,4.411764706,11.85294118,19.02941176,0.459,0.494,0.387,0.676
0,University of California,2015-16,75.12,67.03,1.08,350.00,4.00,36.00,19.23529412,37.64705882,6.941176471,19.14705882,15.55882353,23.70588235,11.64705882,24,16.88235294,7.794117647,3.941176471,13.14705882,18.29411765,0.461,0.511,0.363,0.656
0,Michigan State,2015-16,79.76,63.38,4.43,350.00,2.00,97.00,19.65714286,38.25714286,9.171428571,21.11428571,12.97142857,17.8,8.4,22.88571429,13,6.371428571,3,12.05714286,14.68571429,0.486,0.514,0.434,0.729
0,Fairleigh Dickinson,2015-16,77.91,78.25,0.00,263.00,16.00,334.00,20.93939394,41.57575758,7.212121212,19.90909091,14,20.09090909,8.606060606,20.42424242,14.57575758,7.96969697,3.606060606,11.51515152,15.75757576,0.458,0.504,0.362,0.697
1,Southern,2015-16,72.91,69.09,0.00,226.00,16.00,338.00,19.94285714,41.02857143,6.028571429,17.42857143,14.42857143,21.54285714,8.142857143,21.51428571,15.62857143,4.885714286,2.657142857,8.542857143,17.17142857,0.444,0.486,0.346,0.67
0,Hampton,2015-16,74.77,73.84,0.00,222.00,16.00,343.00,18.875,40.28125,6.4375,21.1875,16.78125,25.46875,12.375,29.125,15.0625,6.59375,7.46875,12.59375,18.75,0.412,0.469,0.304,0.659
0,Austin Peay,2015-16,76.03,75.94,0.00,212.00,16.00,204.00,20.05555556,39,6.194444444,17.91666667,17.41666667,26,13.27777778,25,15.61111111,10,6.888888889,13.44444444,17.69444444,0.461,0.514,0.346,0.67
1,Florida Gulf Coast,2015-16,76.97,70.45,0.01,174.00,16.00,273.00,23.48571429,45.11428571,5.314285714,15.05714286,14.31428571,22.22857143,10.82857143,25.94285714,16,6.514285714,2.857142857,13.37142857,20.22857143,0.479,0.521,0.353,0.644
0,Buffalo,2015-16,77.51,74.83,0.06,131.00,14.00,99.00,18.62857143,37.71428571,7.514285714,22.17142857,17.6,24.77142857,13.17142857,28.34285714,16.31428571,6.628571429,5.828571429,13.97142857,16.97142857,0.437,0.494,0.339,0.71
1,Middle Tennessee,2015-16,72.7,68.3,0.12,124.00,15.00,167.00,18,37.4,7.971428571,20.45714286,12.62857143,20.51428571,7.142857143,22,11.68571429,5.885714286,2.257142857,9.828571429,16.62857143,0.449,0.481,0.39,0.616
0,Green Bay,2015-16,84.23,79.66,0.07,117.00,14.00,202.00,22.02777778,45,7.083333333,20.27777778,18.38888889,27.97222222,8.194444444,22.88888889,14.30555556,6.444444444,3.75,10.47222222,17.91666667,0.446,0.49,0.349,0.657
0,Chattanooga,2015-16,75.82,66.62,0.11,107.00,12.00,249.00,18.14285714,35.25714286,7.485714286,20.82857143,17.02857143,23.17142857,12,27.97142857,19.25714286,8.428571429,4.371428571,14.31428571,19.02857143,0.457,0.515,0.359,0.735
0,Stony Brook,2015-16,76.81,63.44,0.00,91.00,13.00,314.00,21.60606061,42.24242424,6.666666667,18.12121212,13,19.3030303,14,29.12121212,16.12121212,10.6969697,5.848484848,16.72727273,21.3030303,0.468,0.511,0.368,0.673
0,Temple,2015-16,68.66,67.44,0.02,86.00,10.00,80.00,17.18181818,38.3030303,7.727272727,22.93939394,11.15151515,16.3030303,10.81818182,23,14.63636364,7,3.696969697,13.93939394,17.81818182,0.407,0.449,0.337,0.684
1,Northern Iowa,2015-16,68,62.91,0.27,76.00,11.00,70.00,15.30555556,29.66666667,8.277777778,22.11111111,13.30555556,17.58333333,9.5,23.41666667,13.91666667,7.722222222,4.777777778,11.75,20.52777778,0.455,0.516,0.374,0.757
0,Iona,2015-16,79.59,73.66,0.02,73.00,13.00,253.00,17.93939394,34.15151515,9.909090909,26.78787879,14.03030303,19.72727273,10.60606061,26.33333333,16.24242424,5.96969697,2.96969697,14.51515152,21.39393939,0.457,0.525,0.37,0.711
1,Hawaii,2015-16,77.59,66.5,0.00,61.00,13.00,298.00,19.29411765,35.55882353,6.970588235,21.67647059,17.55882353,25.67647059,8.823529412,22.02941176,14.47058824,7.735294118,3.323529412,11.32352941,21.20588235,0.459,0.543,0.322,0.684
0,Tulsa,2015-16,74,69.68,0.22,58.00,11.00,58.00,18.8125,36.8125,6.84375,20.96875,15.46875,22.84375,13.59375,24.6875,14.96875,9.3125,5.3125,12.3125,17.8125,0.444,0.511,0.326,0.677
1,Michigan,2015-16,74.29,67.47,0.64,56.00,11.00,39.00,16.80555556,31.86111111,9.5,25.02777778,11.66666667,15.80555556,6.277777778,21.44444444,13.88888889,6.916666667,3.555555556,10.25,16.69444444,0.462,0.527,0.38,0.738
0,Colorado,2015-16,76.03,70.7,0.30,55.00,8.00,85.00,18.02941176,40.64705882,7.411764706,19.02941176,17.47058824,23.76470588,9.882352941,24.44117647,13.94117647,6.852941176,3.941176471,13.23529412,17.14705882,0.426,0.444,0.389,0.735
0,Dayton,2015-16,73.19,65.81,0.75,54.00,7.00,95.00,18.63636364,36.15151515,6.696969697,19.48484848,15.15151515,22.6969697,12.27272727,26.54545455,17.45454545,7.545454545,4.545454545,14.18181818,18.75757576,0.455,0.516,0.344,0.668
1,Providence,2015-16,73.79,69.88,0.22,46.00,9.00,53.00,18.05714286,37.62857143,7.114285714,22.17142857,16.17142857,22.31428571,9.514285714,23.48571429,13.71428571,5.628571429,4.057142857,9.857142857,15.54285714,0.421,0.48,0.321,0.725
0,Pittsburgh,2015-16,76.03,67.91,1.00,45.00,10.00,33.00,20.42424242,40.3030303,6.181818182,17.84848485,15.63636364,20.78787879,12.84848485,26.39393939,15.12121212,6.878787879,5.151515152,11.96969697,16.42424242,0.458,0.507,0.346,0.752
0,Texas Tech,2015-16,72.22,70.5,0.05,42.00,8.00,3.00,18.75,38.125,5.78125,16.6875,17.1875,23.15625,10.84375,26,16.875,8.28125,3.75,12.8125,16.1875,0.448,0.492,0.346,0.742
4,Syracuse,2015-16,70.22,65.72,0.24,41.00,10.00,35.00,15.37837838,32.54054054,8.513513514,23.67567568,13.67567568,19.89189189,8.783783784,24.40540541,11.62162162,3.756756757,4.297297297,11.02702703,19.08108108,0.425,0.473,0.36,0.688
1,Butler,2015-16,80.58,71.16,0.65,40.00,9.00,134.00,20.66666667,41.45454545,7.151515152,18.21212121,17.15151515,23.45454545,8.666666667,25.09090909,14.57575758,7.666666667,4.181818182,12.81818182,18.09090909,0.466,0.499,0.393,0.731
3,Notre Dame,2015-16,75.72,70.59,0.40,39.00,6.00,30.00,19.72222222,37.27777778,7.277777778,19.44444444,13.83333333,18.63888889,13.25,24.05555556,12.47222222,6.444444444,3.75,12.66666667,19.05555556,0.476,0.529,0.374,0.742
1,Yale,2015-16,75.18,63.14,0.49,38.00,12.00,217.00,20.16666667,39,6.333333333,17.43333333,15.6,23.3,12.2,27.73333333,15.5,7.533333333,6.866666667,12.4,24.16666667,0.47,0.517,0.363,0.67
1,Stephen F. Austin,2015-16,80.72,63.16,0.00,33.00,14.00,284.00,20.67647059,37.97058824,7.911764706,21.79411765,15.14705882,20.61764706,8.882352941,22.47058824,13.76470588,6.676470588,3.147058824,9.705882353,19,0.478,0.545,0.363,0.735
2,Wisconsin,2015-16,69.27,65,0.37,32.00,7.00,1.00,16.77142857,36.02857143,6.542857143,18.74285714,14.62857143,20.8,9.942857143,25.77142857,13.82857143,6.314285714,3.685714286,13,18.68571429,0.426,0.466,0.349,0.703
0,Cincinnati,2015-16,73.19,62.88,1.36,31.00,9.00,61.00,18.15151515,38.03030303,7.636363636,21.96969697,14.06060606,19.93939394,11.63636364,25.87878788,18.3030303,9.696969697,6.96969697,15.6969697,19.57575758,0.43,0.477,0.348,0.705
0,Texas,2015-16,71.33,67.64,0.26,30.00,6.00,2.00,17.63636364,36.45454545,7.03030303,20.63636364,15,22.51515152,9.393939394,24.3030303,12.96969697,5.484848485,3.818181818,9.333333333,15.45454545,0.432,0.484,0.341,0.666
1,Utah,2015-16,77.62,69.15,1.42,29.00,3.00,37.00,19.55555556,34.83333333,7.583333333,20.72222222,15.30555556,21.22222222,8.638888889,25.08333333,14.02777778,5.388888889,6.305555556,10.63888889,16.02777778,0.489,0.561,0.366,0.721
2,Gonzaga,2015-16,79.7,66.24,2.25,28.00,11.00,112.00,20.27777778,37.30555556,7.805555556,20.5,14.91666667,19.66666667,9.138888889,23.22222222,14.63888889,5.777777778,3.222222222,11.52777778,17.66666667,0.486,0.544,0.381,0.758
0,Vanderbilt,2015-16,76.24,67.09,0.95,27.00,11.00,49.00,17.6969697,35.3030303,8.272727273,21.63636364,15.72727273,22.63636364,11.66666667,26.78787879,15.57575758,7.757575758,3.939393939,13.96969697,18.12121212,0.456,0.501,0.382,0.695
0,Seton Hall,2015-16,74.85,67.79,0.71,26.00,6.00,77.00,20.17647059,41.32352941,6.058823529,17.47058824,15.64705882,23.76470588,9.529411765,25.14705882,12,6.558823529,4.676470588,11.05882353,15.44117647,0.446,0.488,0.347,0.658
1,Connecticut,2015-16,73.41,63.09,1.49,25.00,9.00,57.00,19.13888889,38.30555556,7.083333333,19.41666667,13.55555556,17.08333333,9.277777778,21.63888889,11.08333333,5.694444444,3.166666667,10.13888889,16.30555556,0.454,0.5,0.365,0.793
0,Baylor,2015-16,77.15,69.24,1.23,24.00,5.00,7.00,21.26470588,42.08823529,6.176470588,16.82352941,16.02941176,22.11764706,9.764705882,24.97058824,13.85294118,6.352941176,3.970588235,13.26470588,19.47058824,0.466,0.505,0.367,0.725
2,Maryland,2015-16,76.06,66.27,2.09,23.00,5.00,23.00,18.77777778,33.38888889,7.416666667,20.52777778,15.88888889,20.69444444,7.444444444,23.66666667,11.75,6,4.694444444,11.66666667,16.80555556,0.486,0.562,0.361,0.768
2,Duke,2015-16,81.45,72.06,1.97,22.00,4.00,6.00,18.19444444,35.69444444,9.111111111,23.63888889,17.38888889,24.05555556,11.02777778,24.05555556,13.91666667,9.944444444,4.611111111,11.97222222,20.11111111,0.46,0.51,0.385,0.723
1,Iowa,2015-16,78.1,68.71,1.57,20.00,7.00,21.00,19.3030303,39.63636364,8.151515152,21.78787879,14.54545455,20.27272727,11.54545455,25.54545455,11.45454545,7.151515152,3.363636364,11.96969697,16.84848485,0.447,0.487,0.374,0.717
2,Texas A&M,2015-16,75.91,65.53,1.95,17.00,3.00,52.00,19.18918919,37.40540541,7.594594595,22.27027027,15.27027027,22.72972973,8,23.13513514,14.62162162,6.459459459,2.918918919,11,18,0.449,0.513,0.341,0.672
0,Arizona,2015-16,81.21,69,1.52,16.00,6.00,126.00,21.32352941,40.88235294,6.5,17.05882353,18.29411765,25.38235294,12.32352941,22.64705882,12.47058824,8.823529412,3.235294118,15.17647059,19.20588235,0.48,0.522,0.381,0.721
1,Xavier,2015-16,81.15,70.94,1.70,15.00,2.00,96.00,19.79411765,39.76470588,7.5,20.64705882,18.41176471,25.20588235,13.47058824,25.58823529,16.52941176,5.794117647,5.941176471,12.76470588,18.97058824,0.452,0.498,0.363,0.73
2,Indiana,2015-16,82.18,69.3,1.92,14.00,5.00,111.00,19.31428571,34.37142857,9.857142857,23.74285714,14.4,19.65714286,8.285714286,23.37142857,14.45714286,6.114285714,4.171428571,12.28571429,16.2,0.502,0.562,0.415,0.733
0,Purdue,2015-16,77.74,64.59,3.64,10.00,5.00,27.00,19.77142857,37.45714286,7.657142857,20.88571429,15.37142857,20.65714286,12.77142857,20.22857143,14.88571429,12.05714286,3.114285714,11.71428571,20.22857143,0.47,0.528,0.367,0.744
3,Oregon,2015-16,78.82,69.12,2.55,9.00,1.00,16.00,20.55263158,38.73684211,6.842105263,19.94736842,17.05263158,23.84210526,7.947368421,20.05263158,10.23684211,5.605263158,3.289473684,10.55263158,13.55263158,0.467,0.531,0.343,0.715
1,Kentucky,2015-16,79.68,68.26,2.33,8.00,4.00,54.00,21.77777778,41.19444444,6.777777778,18.5,15.58333333,22.58333333,9.083333333,21.47222222,10.75,6.027777778,2.861111111,10.25,16.38888889,0.478,0.529,0.366,0.69
4,Oklahoma,2015-16,80.73,70.33,2.60,7.00,2.00,20.00,17.18918919,35.64864865,10.32432432,24.48648649,14.32432432,19.83783784,10.56756757,19.67567568,10.97297297,5.918918919,3.351351351,12.62162162,14.62162162,0.458,0.482,0.422,0.722
0,West Virginia,2015-16,78.94,66.29,3.54,6.00,3.00,24.00,20.97142857,41.68571429,5.971428571,18.37142857,18.68571429,27.77142857,12.22857143,21.08571429,13.54285714,5.942857143,4.4,13.88571429,19.77142857,0.449,0.503,0.325,0.673
6,Villanova,2015-16,76.97,63.71,3.20,5.00,2.00,73.00,18.475,32.2,8.675,23.975,14.975,19.15,7.2,20.5,10.95,5.375,3.15,9.275,14.5,0.483,0.574,0.362,0.782
5,North Carolina,2015-16,82.26,69.5,3.50,4.00,1.00,46.00,25.275,46.875,5.6,17.125,15.425,20.65,9.225,22.25,11.05,3.2,6.625,10.625,13.875,0.482,0.539,0.327,0.747
3,Virginia,2015-16,70.41,60,2.98,2.00,1.00,10.00,20,38.02702703,6.054054054,15.05405405,12.81081081,17.02702703,10.94594595,23.37837838,13.64864865,4.486486486,3.459459459,12.35135135,16.94594595,0.491,0.526,0.402,0.752
3,Kansas,2015-16,81.56,67.74,6.33,1.00,1.00,11.00,20.73684211,38.92105263,8,19.15789474,15.81578947,22.18421053,7.105263158,22.97368421,12.07894737,4.736842105,2.184210526,11.78947368,15.36842105,0.495,0.533,0.418,0.713
1,Mississippi,2014-15,75.5,83,0.20,350.00,15.00,290.00,18.47058824,39.44117647,6.470588235,19.47058824,16.44117647,21.26470588,11.64705882,20.32352941,11.82352941,7.970588235,5.029411765,8.764705882,15.94117647,0.423,0.468,0.332,0.773
1,Cincinnati,2014-15,58.5,64.5,0.72,350.00,16.00,287.00,17.47058824,35.23529412,4.911764706,14.91176471,12.47058824,18.61764706,8.441176471,20.67647059,13.17647059,7.147058824,4.558823529,10.5,16.61764706,0.446,0.496,0.329,0.67
0,Texas,2014-15,48,56,-0.12,350.00,15.00,335.00,17.17647059,35.61764706,6.235294118,18.41176471,14.29411765,19.73529412,12.35294118,27.20588235,16.70588235,8.264705882,3.676470588,13.41176471,18.52941176,0.433,0.482,0.339,0.724
0,Albany (NY),2014-15,60,69,0.26,350.00,14.00,324.00,15.87878788,33.15151515,6.212121212,17.33333333,14.93939394,19.6969697,11.78787879,26.87878788,16.03030303,8.121212121,4.909090909,13.45454545,19.84848485,0.438,0.479,0.358,0.758
0,New Mexico State,2014-15,56,75,3.86,350.00,8.00,7.00,18.91176471,38.17647059,4.852941176,13.23529412,15.73529412,22.67647059,5.382352941,18.02941176,11.52941176,6.411764706,3.705882353,11.35294118,13.44117647,0.462,0.495,0.367,0.694
0,Valparaiso,2014-15,62,65,7.42,350.00,7.00,26.00,17.67647059,35.76470588,6.941176471,18.23529412,13.41176471,19.88235294,9.441176471,22.55882353,15.82352941,6.205882353,4.147058824,10.29411765,17.76470588,0.456,0.494,0.381,0.675
6,Duke,2014-15,71.8,56.3,3.06,350.00,13.00,222.00,20.92307692,37.41025641,7.256410256,18.76923077,15.64102564,22.38461538,8.641025641,21.30769231,12.53846154,6.538461538,3.205128205,8.487179487,18.07692308,0.502,0.559,0.387,0.699
1,San Diego State,2014-15,62.5,66,11.84,350.00,12.00,172.00,16.97222222,36.80555556,5.25,16.41666667,12.13888889,19.27777778,6.888888889,21.08333333,12.58333333,5.722222222,2.666666667,9.277777778,17.77777778,0.418,0.461,0.32,0.63
3,Gonzaga,2014-15,74.8,68,-0.70,250.00,16.00,337.00,21.57894737,37.44736842,6.947368421,17.36842105,14.65789474,21.21052632,8.078947368,22.60526316,13.57894737,7.710526316,4.263157895,13.34210526,18.36842105,0.52,0.576,0.4,0.691
4,Kentucky,2014-15,70.6,56.6,0.21,195.00,16.00,289.00,20.58974359,40.20512821,5.205128205,14.92307692,17.56410256,24.17948718,8.641025641,22.66666667,12.92307692,5.512820513,4.641025641,10.46153846,15.12820513,0.468,0.512,0.349,0.726
0,Purdue,2014-15,65,66,0.08,173.00,16.00,313.00,18.58823529,36.55882353,5.735294118,17.55882353,15.41176471,22.55882353,11.85294118,22.85294118,16.55882353,9.941176471,7.5,11.23529412,16.82352941,0.449,0.508,0.327,0.683
0,Belmont,2014-15,67,79,1.72,149.00,15.00,206.00,16.03030303,28.39393939,9.96969697,26.24242424,12.27272727,17.72727273,9.727272727,27.3030303,18.12121212,8.96969697,4.636363636,14.15151515,19.18181818,0.476,0.565,0.38,0.692
3,Louisville,2014-15,67,62.3,0.12,145.00,16.00,333.00,18.88888889,39,5.5,17.88888889,14.69444444,22,8.638888889,23.02777778,13.69444444,4.361111111,3.722222222,12.69444444,17.44444444,0.429,0.484,0.307,0.668
0,North Dakota State,2014-15,76,86,0.75,127.00,16.00,310.00,15.54545455,33.72727273,6.96969697,18.18181818,12.87878788,18.60606061,11.12121212,24.36363636,17.78787879,7.96969697,3.575757576,11.33333333,15.72727273,0.434,0.461,0.383,0.692
1,Alabama-Birmingham,2014-15,67.5,75.5,0.51,121.00,14.00,103.00,18.63888889,39.86111111,5.611111111,16.86111111,14.66666667,19.86111111,11.16666667,23.16666667,9.888888889,7.611111111,5.083333333,9.722222222,16.66666667,0.428,0.468,0.333,0.738
0,North Florida,2014-15,77,81,0.59,120.00,14.00,256.00,16.57142857,31.42857143,9.057142857,23.14285714,15.42857143,21.34285714,9.142857143,19.68571429,12.62857143,3.457142857,3,7.114285714,14.91428571,0.47,0.527,0.391,0.723
0,Wyoming,2014-15,54,71,2.27,102.00,12.00,221.00,15.37142857,27.91428571,5.971428571,18.34285714,12.8,18.22857143,8.285714286,24.94285714,17.6,4.828571429,2.342857143,11.88571429,16.88571429,0.461,0.551,0.326,0.702
0,Texas Southern,2014-15,72,93,2.47,94.00,13.00,156.00,18.08571429,36.17142857,5.285714286,16.4,16.25714286,24.6,8.314285714,22.34285714,16.22857143,5.371428571,4.342857143,12.14285714,17.05714286,0.445,0.5,0.322,0.661
0,Wofford,2014-15,53,56,5.22,90.00,12.00,164.00,17.02857143,34.45714286,6.342857143,17.02857143,13.51428571,19.65714286,9.514285714,21.37142857,12.68571429,7.742857143,4.571428571,12.25714286,17.77142857,0.454,0.494,0.372,0.688
2,North Carolina,2014-15,75.3,74,1.91,88.00,15.00,254.00,24.07894737,47.23684211,4.842105263,13.52631579,15.02631579,21.42105263,9.842105263,21.86842105,13.57894737,6.236842105,4.842105263,12.47368421,16.55263158,0.476,0.51,0.358,0.701
1,Hampton,2014-15,65,71.5,4.38,78.00,13.00,151.00,17.2,37.74285714,5.542857143,18.22857143,16,24.54285714,8.571428571,26.14285714,15.91428571,5.685714286,4.257142857,12.42857143,15.65714286,0.406,0.456,0.304,0.652
0,Georgia,2014-15,63,70,5.98,71.00,14.00,141.00,17.06060606,36.12121212,5.575757576,16.3030303,17.33333333,25.03030303,9.606060606,23.84848485,13.81818182,8.151515152,3.212121212,11.78787879,19.03030303,0.432,0.472,0.342,0.692
1,Villanova,2014-15,80.5,61.5,0.24,63.00,13.00,279.00,16.38888889,30.94444444,9.055555556,23.25,16.55555556,22.63888889,9.805555556,21.13888889,12.55555556,4.75,3.805555556,10.75,14.72222222,0.47,0.53,0.389,0.731
0,Brigham Young,2014-15,90,94,5.81,54.00,12.00,59.00,19.31428571,37.91428571,8.571428571,21.8,19.4,25.31428571,12.31428571,23.68571429,16.94285714,6.685714286,5.114285714,12.11428571,20.2,0.467,0.509,0.393,0.766
0,Providence,2014-15,53,66,3.99,49.00,9.00,37.00,19.32352941,39.5,5.029411765,16.05882353,15.97058824,22.58823529,9.088235294,22.41176471,14.20588235,6.588235294,3.235294118,10.94117647,17.02941176,0.438,0.489,0.313,0.707
0,Oklahoma State,2014-15,73,79,4.55,46.00,8.00,42.00,15.84375,31.875,7.0625,20.21875,14.625,20.15625,13.1875,28.28125,15.15625,6.4375,5.71875,13.0625,19.25,0.44,0.497,0.349,0.726
4,Michigan State,2014-15,65.8,65.2,3.64,44.00,11.00,35.00,18.46153846,36.35897436,7.538461538,19.56410256,11.56410256,18.30769231,9.820512821,25.12820513,18.43589744,4,4.538461538,10.23076923,17.20512821,0.465,0.508,0.385,0.632
0,Louisiana State,2014-15,65,66,3.53,43.00,9.00,127.00,21.3030303,42.54545455,5.727272727,16.90909091,13.63636364,19.93939394,10.84848485,24.54545455,12.93939394,8.03030303,6.454545455,17,19.78787879,0.455,0.501,0.339,0.684
0,St. John's (NY),2014-15,64,76,2.82,42.00,9.00,34.00,19.3030303,40.03030303,6,17.24242424,14.39393939,20.81818182,11.57575758,23.93939394,11.60606061,5.909090909,4.424242424,15.93939394,20.87878788,0.442,0.482,0.348,0.691
2,UCLA,2014-15,71.3,69.3,2.84,41.00,11.00,21.00,19.63888889,41.47222222,6.194444444,16.83333333,14.08333333,20.83333333,6.5,20.08333333,8.444444444,6.166666667,2.75,9.444444444,18.27777778,0.443,0.474,0.368,0.676
0,Davidson,2014-15,52,83,4.49,40.00,11.00,162.00,17.34375,32.71875,10.71875,27.40625,12.1875,17.28125,9.96875,22.5,14.6875,7.0625,3.4375,9.4375,19.3125,0.467,0.53,0.391,0.705
0,Boise State,2014-15,55,56,6.57,39.00,11.00,154.00,15.70588235,31.32352941,8.735294118,22.29411765,12.67647059,17.38235294,8.852941176,26.20588235,12.41176471,6.176470588,3.441176471,13.52941176,18.05882353,0.456,0.501,0.392,0.729
2,Oklahoma,2014-15,66.3,62.7,3.20,37.00,9.00,30.00,18.54285714,38.48571429,6.742857143,19.65714286,14.14285714,19.08571429,9.4,23.17142857,14.4,7.771428571,4.714285714,12.34285714,17.02857143,0.435,0.482,0.343,0.741
1,Georgetown,2014-15,74,74.5,3.54,36.00,10.00,16.00,18.12121212,35.87878788,6.090909091,17.24242424,16.39393939,23.3030303,11.96969697,24.72727273,14.15151515,8.727272727,4.303030303,13.96969697,22.60606061,0.456,0.505,0.353,0.704
0,Manhattan,2014-15,64,74,8.08,33.00,4.00,23.00,16.39393939,33.57575758,6.515151515,19.39393939,17.36363636,25.12121212,9.878787879,23.6969697,13.66666667,6.060606061,4.727272727,12.51515152,17.51515152,0.432,0.488,0.336,0.691
0,Coastal Carolina,2014-15,72,86,6.93,32.00,10.00,165.00,17.88235294,37.23529412,6.705882353,18.61764706,15.82352941,22.94117647,10.32352941,24.79411765,15.94117647,7.470588235,3.882352941,13.70588235,19.08823529,0.44,0.48,0.36,0.69
1,Butler,2014-15,60,57.5,9.93,31.00,11.00,60.00,18.29411765,39.47058824,5.647058824,15.88235294,15.47058824,22.55882353,8,26.76470588,14.32352941,4.088235294,5.352941176,10.91176471,18.58823529,0.433,0.463,0.356,0.686
1,Arkansas,2014-15,67,70,7.46,29.00,5.00,67.00,20.55555556,42.08333333,6.611111111,18.91666667,16.47222222,22.75,8.722222222,24.08333333,14.11111111,5.75,4.333333333,11.41666667,18.02777778,0.445,0.488,0.349,0.724
1,Oregon,2014-15,72,72.5,4.24,28.00,6.00,9.00,20.25,39.36111111,7.305555556,20.16666667,12.94444444,17.02777778,8.277777778,22.30555556,14.22222222,5.083333333,3.361111111,10.52777778,18.52777778,0.463,0.514,0.362,0.76
1,Robert Morris,2014-15,68.5,81,8.65,27.00,8.00,50.00,18.08571429,38.17142857,6.314285714,16.85714286,13.85714286,19.54285714,6.771428571,20.94285714,14.97142857,6.571428571,3.2,10.71428571,17.57142857,0.443,0.474,0.375,0.709
2,Xavier,2014-15,70.3,64,4.33,26.00,6.00,28.00,19.51351351,36.35135135,6.324324324,18,15.2972973,20.94594595,9.837837838,22.86486486,9.783783784,5.837837838,2.594594595,12.67567568,18.05405405,0.475,0.537,0.351,0.73
2,West Virginia,2014-15,58.7,66.3,6.79,25.00,5.00,32.00,18.42857143,40.54285714,6.485714286,20.54285714,16.31428571,24.65714286,5.628571429,16.94285714,14.17142857,8.514285714,1.914285714,9.914285714,20.11428571,0.408,0.455,0.316,0.662
0,Indiana,2014-15,76,81,6.27,24.00,7.00,24.00,17.76470588,35.38235294,9.382352941,23.11764706,13.76470588,19.14705882,7.705882353,22.64705882,13.32352941,7.852941176,3.205882353,11.52941176,17.73529412,0.464,0.502,0.406,0.719
0,Buffalo,2014-15,62,68,6.12,23.00,6.00,80.00,19.33333333,40.57575758,6.03030303,17.66666667,17.84848485,24.81818182,10.6969697,24.87878788,14.93939394,5.606060606,6,14.72727273,17.90909091,0.435,0.476,0.341,0.719
0,Eastern Washington,2014-15,74,84,5.60,22.00,4.00,10.00,18.08571429,33.85714286,9.828571429,24.57142857,14.91428571,20.54285714,9.742857143,25,16.37142857,6.857142857,3.342857143,13.22857143,17.4,0.478,0.534,0.4,0.726
3,Notre Dame,2014-15,70.8,66.8,11.05,21.00,10.00,53.00,19.68421053,33.84210526,7.947368421,20.39473684,14.76315789,19.89473684,9.815789474,22.86842105,14.92105263,5.263157895,3.078947368,9.605263158,13.28947368,0.509,0.582,0.39,0.742
0,Stephen F. Austin,2014-15,50,57,5.46,20.00,11.00,18.00,19.08823529,34.64705882,7.705882353,20.35294118,17.29411765,23.5,10.88235294,21.41176471,10.73529412,7.205882353,4.176470588,11.79411765,19.05882353,0.487,0.551,0.379,0.736
0,Southern Methodist,2014-15,59,60,9.60,19.00,6.00,89.00,20.20588235,39.70588235,4.264705882,11.76470588,15.91176471,22.64705882,9.735294118,22.76470588,15.02941176,6.794117647,4.558823529,10.67647059,15.73529412,0.475,0.509,0.363,0.703
0,Lafayette,2014-15,52,93,10.88,18.00,4.00,12.00,18.51515152,35.12121212,7.909090909,19.39393939,12.75757576,16.63636364,11.21212121,26.24242424,16.96969697,6.727272727,2.939393939,13.66666667,17.84848485,0.485,0.527,0.408,0.767
1,Maryland,2014-15,62,65.5,7.73,17.00,7.00,13.00,14.94285714,31.14285714,7.371428571,19.62857143,17.05714286,22.57142857,11.17142857,24.77142857,13.54285714,4.828571429,6.4,12.94285714,17.54285714,0.44,0.48,0.376,0.756
2,North Carolina State,2014-15,67.3,69.3,11.01,16.00,4.00,1.00,18.30555556,38.69444444,6.555555556,18.36111111,13.86111111,20.19444444,7.722222222,21.22222222,12.80555556,6.333333333,2.416666667,10.19444444,16.36111111,0.436,0.473,0.357,0.686
0,Baylor,2014-15,56,57,10.53,15.00,3.00,3.00,16.97058824,36.70588235,6.941176471,18.41176471,14.32352941,21.26470588,7.558823529,22.55882353,14.11764706,4.941176471,2.029411765,9.970588235,17.23529412,0.434,0.462,0.377,0.674
2,Wichita State,2014-15,76.3,74,12.36,14.00,7.00,140.00,17.74285714,36.08571429,6.828571429,19.14285714,14.31428571,20.42857143,12.74285714,27.37142857,18.77142857,7.142857143,4.571428571,13.37142857,20.97142857,0.445,0.492,0.357,0.701
1,Iowa,2014-15,75.5,69.5,10.28,13.00,3.00,17.00,18.5,39.08823529,5.647058824,16.94117647,15.82352941,21.26470588,10,21.44117647,14.70588235,7.705882353,4.029411765,11.23529412,19.38235294,0.431,0.473,0.333,0.744
0,Northeastern,2014-15,65,69,10.32,12.00,5.00,146.00,18.14285714,34.25714286,5.8,15.02857143,14.8,20.37142857,9.228571429,22.88571429,13.08571429,6.114285714,4.114285714,13.31428571,16.54285714,0.486,0.53,0.386,0.727
0,Iowa State,2014-15,59,60,9.30,11.00,2.00,2.00,19.91176471,36.67647059,7.735294118,21.35294118,14.76470588,21.20588235,10.20588235,24.08823529,13.97058824,6.5,2.529411765,12.67647059,18.41176471,0.476,0.543,0.362,0.696
1,Northern Iowa,2014-15,62,60,11.97,10.00,3.00,128.00,14.82857143,27.8,7.342857143,18.42857143,13.48571429,18.4,8.171428571,25.85714286,13.97142857,6,5.2,10.6,18.77142857,0.48,0.533,0.398,0.733
1,Ohio State,2014-15,66.5,72.5,8.63,9.00,3.00,14.00,20.8,38.8,6.742857143,18.2,13.45714286,19.8,9.228571429,28,14.31428571,5.257142857,3.171428571,11.45714286,17.8,0.483,0.536,0.37,0.68
2,Utah,2014-15,63,59,14.52,8.00,5.00,51.00,16.71428571,31.6,7.542857143,18.68571429,15.25714286,21.71428571,8.942857143,22.62857143,12.71428571,4.942857143,2.942857143,8.371428571,15.28571429,0.482,0.529,0.404,0.703
2,Dayton,2014-15,62.7,60,23.02,7.00,1.00,15.00,15.86111111,30.13888889,6.638888889,18.61111111,16.11111111,23.5,7.611111111,23.77777778,14.16666667,7,3.722222222,12.86111111,18.19444444,0.462,0.526,0.357,0.686
1,Georgia State,2014-15,62,65.5,22.86,6.00,2.00,100.00,20.8,38.74285714,4.971428571,14.91428571,14.88571429,20.54285714,8.971428571,25.45714286,18.17142857,9.742857143,3.171428571,10.74285714,18.6,0.48,0.537,0.333,0.725
1,Virginia,2014-15,66.5,63.5,19.47,5.00,1.00,99.00,18.64705882,37.5,5,14.20588235,13.11764706,18.05882353,12.55882353,22.23529412,17.73529412,7.911764706,3.970588235,12.35294118,19.41176471,0.457,0.497,0.352,0.726
0,Virginia Commonwealth,2014-15,72,75,20.26,4.00,2.00,55.00,16.75,35.69444444,8.138888889,23.72222222,14.55555556,22.13888889,9.861111111,23.77777778,12.91666667,5.722222222,2.611111111,12.88888889,17.86111111,0.419,0.469,0.343,0.657
5,Wisconsin,2014-15,76,69.8,25.30,3.00,1.00,25.00,18.15,33.125,7.2,19.75,14.6,19.125,6.925,24.15,11.925,4.375,2.975,11.425,15.275,0.479,0.548,0.365,0.763
3,Arizona,2014-15,78,68.8,23.28,2.00,2.00,76.00,21.47368421,40.31578947,5.078947368,14.10526316,18.42105263,25.63157895,9.605263158,24.71052632,16.76315789,6.815789474,4.578947368,11.15789474,18.97368421,0.488,0.533,0.36,0.719
1,Kansas,2014-15,70,67,34.93,1.00,1.00,61.00,18.22222222,39.27777778,5.916666667,15.61111111,16.94444444,23.38888889,11.16666667,19.69444444,11.80555556,7.444444444,5.222222222,10.25,16.5,0.44,0.464,0.379,0.724
3,Michigan State,2013-14,72,67.5,-0.72,259.00,16.00,319.00,18.86842105,36.21052632,8.078947368,20.60526316,13.55263158,19.15789474,9.552631579,25.23684211,15.42105263,6.184210526,3.684210526,10.5,17.78947368,0.474,0.521,0.392,0.707
1,Texas,2013-14,76,82,-0.18,233.00,16.00,351.00,20.77142857,44.28571429,5.085714286,15.57142857,17.42857143,25.97142857,10.71428571,25.11428571,14.17142857,6.742857143,3.971428571,12.05714286,18.4,0.432,0.469,0.327,0.671
0,Providence,2013-14,77,79,0.05,215.00,12.00,321.00,18.02857143,38.74285714,6.228571429,17.94285714,18.57142857,23.74285714,14.85714286,30.62857143,18.82857143,7.4,6.257142857,12.88571429,15.71428571,0.428,0.465,0.347,0.782
0,Western Michigan,2013-14,53,77,0.22,184.00,15.00,148.00,17.6969697,33.06060606,5.909090909,17.96969697,18.78787879,25.93939394,10.3030303,26.63636364,14.93939394,7.515151515,4.909090909,11.57575758,17.87878788,0.463,0.535,0.329,0.724
0,Wofford,2013-14,40,57,0.74,183.00,15.00,256.00,18.54545455,38.18181818,5.939393939,16.48484848,11.90909091,17.93939394,11.03030303,26.45454545,14.33333333,8.757575758,4.212121212,14.45454545,17.48484848,0.448,0.486,0.36,0.664
1,Albany (NY),2013-14,63,65.5,0.28,175.00,16.00,305.00,17.70588235,37.64705882,4.794117647,13.32352941,16.05882353,21.41176471,10.02941176,26.47058824,12.58823529,6.970588235,5.117647059,12.14705882,16.73529412,0.441,0.47,0.36,0.75
0,Mount St. Mary's,2013-14,64,71,0.30,173.00,14.00,345.00,16.57575758,33,8.96969697,25.27272727,15.81818182,21.39393939,9.212121212,24.93939394,16.60606061,6.666666667,4.696969697,11.27272727,17.66666667,0.438,0.502,0.355,0.739
0,Weber State,2013-14,59,68,0.43,169.00,16.00,253.00,16.4516129,31.4516129,7.161290323,18.25806452,18.32258065,24.74193548,13.06451613,28.38709677,15.61290323,10.12903226,4.709677419,17.74193548,20.96774194,0.475,0.523,0.392,0.741
1,Cal Poly,2013-14,59,66.5,0.53,140.00,16.00,135.00,15.76470588,35.17647059,6.411764706,19.23529412,12.20588235,17.73529412,9.470588235,21.82352941,12.47058824,7.382352941,4.588235294,12,19.52941176,0.408,0.448,0.333,0.688
0,American,2013-14,35,75,0.68,126.00,15.00,293.00,16.39393939,29.72727273,6.272727273,16.54545455,11.45454545,16.21212121,11.48484848,27.78787879,17.12121212,8.03030303,4.757575758,14.27272727,19.57575758,0.49,0.551,0.379,0.707
0,Nebraska,2013-14,60,74,1.00,107.00,12.00,12.00,16.59375,35,5.875,17.625,15.96875,22.28125,11.21875,24.6875,18.125,9.5,3.8125,14.34375,19.34375,0.427,0.474,0.333,0.717
0,Delaware,2013-14,78,93,2.26,105.00,13.00,185.00,19.54285714,39.45714286,7.2,20.77142857,18.8,26.42857143,10.65714286,23.51428571,14.34285714,6.114285714,2.8,11.51428571,17.48571429,0.444,0.495,0.347,0.711
0,Coastal Carolina,2013-14,59,70,1.19,102.00,16.00,218.00,19.08823529,39.44117647,6.235294118,18.47058824,15.41176471,22.29411765,10.58823529,29.11764706,16.88235294,7.647058824,7.264705882,14.94117647,18.14705882,0.437,0.484,0.338,0.691
0,Eastern Kentucky,2013-14,69,80,1.22,100.00,15.00,249.00,16.64705882,29.5,9.264705882,23.73529412,17.64705882,23.47058824,9.5,23.64705882,14.29411765,6.823529412,3.352941176,13.38235294,18.47058824,0.487,0.564,0.39,0.752
1,Memphis,2013-14,65.5,72,0.67,99.00,14.00,307.00,22.82352941,42.85294118,5.352941176,16.23529412,15.17647059,23.55882353,7.147058824,25.5,13.23529412,4.323529412,3.941176471,12.26470588,17.05882353,0.477,0.533,0.33,0.644
0,Virginia Commonwealth,2013-14,75,77,1.60,86.00,14.00,228.00,18.91428571,41.48571429,7.428571429,21.25714286,14.85714286,22.05714286,9.942857143,21.57142857,14.05714286,8.857142857,4.342857143,14.4,18.97142857,0.42,0.456,0.349,0.674
1,North Carolina,2013-14,81,81,3.86,72.00,13.00,219.00,23.73529412,47.73529412,4.294117647,12.76470588,16.23529412,25.94117647,10.26470588,23.11764706,14.17647059,6.588235294,3.176470588,10.97058824,18.35294118,0.463,0.497,0.336,0.626
3,Tennessee,2013-14,79.5,67,3.23,68.00,13.00,116.00,19.51351351,38.2972973,5.540540541,17.05405405,16.56756757,23.02702703,10.05405405,21.51351351,15.27027027,6.378378378,3.216216216,9.621621622,18.89189189,0.453,0.51,0.325,0.719
2,Louisville,2013-14,68.7,63,0.31,67.00,13.00,310.00,20.62162162,39.16216216,7.783783784,21.16216216,16.43243243,24.86486486,10,23.59459459,11.89189189,6.459459459,3.324324324,12.64864865,20.13513514,0.471,0.527,0.368,0.661
0,Colorado,2013-14,48,77,2.75,64.00,8.00,9.00,18.08571429,37.2,5.171428571,16.25714286,18.51428571,25.8,8.885714286,22.14285714,12.28571429,6.857142857,2.171428571,13.02857143,18.68571429,0.435,0.486,0.318,0.718
0,Tulsa,2013-14,59,76,3.22,61.00,14.00,164.00,18.76470588,38.11764706,5.794117647,17.73529412,17.76470588,26.29411765,9.264705882,20.70588235,12.29411765,8.117647059,4.088235294,13.26470588,17.38235294,0.44,0.492,0.327,0.676
0,Saint Joseph's,2013-14,81,89,3.38,58.00,10.00,99.00,17.35294118,33.20588235,7.352941176,19.41176471,14.79411765,22.94117647,9.529411765,24.47058824,16.55882353,4.588235294,3.764705882,10.35294118,15.14705882,0.47,0.523,0.379,0.645
3,Dayton,2013-14,62.3,61.5,4.09,53.00,11.00,102.00,18.7027027,37.13513514,6.567567568,17.40540541,15.08108108,22.13513514,10.37837838,19.45945946,13.13513514,6.810810811,2.675675676,11.40540541,19.7027027,0.463,0.504,0.377,0.681
0,Manhattan,2013-14,64,71,4.81,52.00,6.00,79.00,18.78787879,38.57575758,6.303030303,17.09090909,20.48484848,30.87878788,9.96969697,25.33333333,12.24242424,7.909090909,5,16.6969697,21.6969697,0.451,0.487,0.369,0.663
0,Brigham Young,2013-14,68,87,5.85,50.00,10.00,45.00,23.85714286,48.2,5.057142857,14.25714286,20.85714286,30.14285714,8.771428571,21.62857143,12.08571429,7.771428571,4.742857143,11.22857143,17.68571429,0.463,0.495,0.355,0.692
0,New Mexico,2013-14,53,58,1.55,48.00,11.00,22.00,19.11764706,37,5.794117647,17.44117647,18.38235294,25.38235294,7.823529412,26.64705882,17.91176471,5.117647059,2.705882353,12.82352941,17.29411765,0.458,0.517,0.332,0.724
0,Arizona State,2013-14,85,87,4.48,47.00,10.00,55.00,17.21212121,35.27272727,8.121212121,20.84848485,16.54545455,23.84848485,9.909090909,22.12121212,15.03030303,8.090909091,3.818181818,11.03030303,16.87878788,0.451,0.488,0.39,0.694
0,Massachusetts,2013-14,67,86,7.09,45.00,8.00,24.00,21.90909091,43.93939394,5.363636364,15.51515152,15.90909091,23.3030303,11.75757576,22.03030303,13.12121212,11.48484848,3.96969697,12.18181818,19.57575758,0.459,0.499,0.346,0.683
0,Kansas State,2013-14,49,56,2.83,44.00,9.00,40.00,18.18181818,37.63636364,6,18.12121212,14.72727273,22.45454545,12.93939394,23,15.24242424,7.666666667,5.666666667,13.72727273,18.33333333,0.434,0.483,0.331,0.656
0,Xavier,2013-14,59,74,3.39,42.00,12.00,18.00,20.44117647,39.70588235,5.117647059,14.70588235,15.58823529,22.64705882,12.82352941,25.32352941,13.08823529,4.735294118,2.176470588,11.29411765,17.58823529,0.47,0.515,0.348,0.688
0,George Washington,2013-14,66,71,4.91,42.00,9.00,126.00,19.75757576,39.33333333,5.666666667,15.57575758,16.66666667,25.60606061,12.57575758,21.63636364,14.18181818,6.060606061,4.727272727,14.12121212,20.06060606,0.463,0.502,0.364,0.651
1,Oregon,2013-14,82,76.5,2.91,40.00,11.00,51.00,19.67647059,38.55882353,7.617647059,19.58823529,19.64705882,25.44117647,11.64705882,23.44117647,14.94117647,7.558823529,5.647058824,10.38235294,15.08823529,0.469,0.51,0.389,0.772
1,Syracuse,2013-14,65,54,3.65,39.00,7.00,37.00,19.17647059,40.23529412,4.911764706,14.85294118,14.88235294,21.02941176,9.5,21.52941176,11.08823529,4.911764706,4.235294118,9.823529412,20.23529412,0.437,0.477,0.331,0.708
2,San Diego State,2013-14,66.7,61,3.78,36.00,10.00,23.00,19.08333333,41.38888889,5.166666667,14.41666667,16.61111111,25.05555556,9.222222222,22.27777778,10.47222222,5.777777778,3.416666667,9.083333333,18.22222222,0.435,0.461,0.358,0.663
1,Saint Louis,2013-14,67,73,8.78,34.00,5.00,93.00,18.79411765,37.29411765,5.588235294,17.67647059,15.47058824,22.20588235,9.117647059,21.67647059,12.55882353,8.823529412,2.941176471,13.44117647,19.08823529,0.444,0.504,0.316,0.697
1,Harvard,2013-14,67,68.5,0.23,33.00,12.00,272.00,18.8125,37.90625,5.75,14.9375,18.34375,25.34375,9.65625,25.96875,16.8125,5.90625,5.4375,11.53125,21.5625,0.465,0.496,0.385,0.724
2,Baylor,2013-14,70.3,61.3,6.35,31.00,6.00,15.00,17.86842105,36.39473684,7.368421053,19.07894737,16.97368421,24.97368421,4.684210526,19.86842105,13.18421053,5.026315789,2.684210526,9.947368421,12.65789474,0.455,0.491,0.386,0.68
0,Oklahoma,2013-14,75,80,7.40,30.00,7.00,38.00,18.90909091,38.84848485,8.636363636,22.78787879,18.21212121,24.3030303,12.24242424,21.48484848,14.84848485,4.666666667,4.121212121,11.78787879,17.96969697,0.447,0.487,0.379,0.749
1,North Dakota State,2013-14,62,69,6.43,29.00,5.00,14.00,21.57575758,38.66666667,5.333333333,14.63636364,16.36363636,21.78787879,8.272727273,22.48484848,11.57575758,6.242424242,4.393939394,9.636363636,17.81818182,0.505,0.558,0.364,0.751
0,New Mexico State,2013-14,69,73,11.44,28.00,7.00,8.00,20.61111111,38.75,5.388888889,14.52777778,19.58333333,28.52777778,11.02777778,20.55555556,13.77777778,7.166666667,3.583333333,10.75,16.69444444,0.488,0.532,0.371,0.686
0,Iowa,2013-14,65,78,7.67,27.00,11.00,64.00,22.06060606,43.57575758,5.787878788,16.54545455,20,27.21212121,10.78787879,25.33333333,16.03030303,8.363636364,2.909090909,11.84848485,16.63636364,0.463,0.506,0.35,0.735
0,North Carolina Central,2013-14,75,93,7.15,26.00,6.00,25.00,19.5,37.85294118,5.411764706,16.02941176,18.67647059,25.64705882,12.41176471,24.47058824,18.11764706,8.911764706,3.441176471,12.79411765,15.85294118,0.462,0.515,0.338,0.728
6,Connecticut,2013-14,71.7,63.8,9.68,25.00,7.00,27.00,17.1,35.55,7.175,18.525,16.1,20.725,7.2,20.525,11.275,5.75,2.65,8.575,16,0.449,0.481,0.387,0.777
2,UCLA,2013-14,73.7,66,9.27,24.00,5.00,85.00,22.81081081,43.05405405,6.189189189,16.2972973,16.97297297,22.67567568,10.02702703,21.21621622,15.97297297,7.945945946,4.297297297,12.05405405,16.54054054,0.489,0.53,0.38,0.749
0,Cincinnati,2013-14,57,61,11.38,24.00,5.00,70.00,17.91176471,38.47058824,5.764705882,17.20588235,15.26470588,21.55882353,11.64705882,25.14705882,13.20588235,8.735294118,5.441176471,11.88235294,17.79411765,0.425,0.466,0.335,0.708
2,Iowa State,2013-14,84.7,79.7,10.59,23.00,3.00,26.00,21.13888889,38.86111111,8.361111111,23.33333333,15.66666667,22.61111111,10.58333333,23.19444444,15.02777778,5.666666667,4.166666667,10.30555556,14.52777778,0.474,0.544,0.358,0.693
0,Ohio State,2013-14,59,60,7.54,22.00,9.00,62.00,18.37142857,35.94285714,5.714285714,17.62857143,15.6,22.65714286,9.571428571,23.88571429,13.8,5.571428571,2.742857143,11.91428571,15.51428571,0.45,0.511,0.324,0.689
1,Pittsburgh,2013-14,61,54.5,15.11,21.00,4.00,113.00,19.77777778,39.5,5.083333333,14.5,17.02777778,23.91666667,7.583333333,23,15.72222222,7.055555556,3.722222222,9.25,14.80555556,0.46,0.501,0.351,0.712
1,Gonzaga,2013-14,73,80.5,12.30,20.00,8.00,91.00,19.91666667,36.66666667,7.083333333,17.86111111,15.61111111,22.02777778,8.944444444,25.58333333,13.55555556,7.805555556,6.388888889,12.30555556,19.91666667,0.495,0.543,0.397,0.709
5,Kentucky,2013-14,68.5,66.5,9.79,19.00,8.00,3.00,20.025,40.05,5.075,15.275,19.525,28.65,9.2,20.05,12.9,6.575,4.125,9.775,17.675,0.454,0.5,0.332,0.682
1,North Carolina State,2013-14,77,71,10.12,18.00,6.00,36.00,21.94444444,42.63888889,4.444444444,14.58333333,13.91666667,21.16666667,10.86111111,23.63888889,14.77777778,6.5,4.555555556,10.22222222,16.69444444,0.461,0.515,0.305,0.657
0,Milwaukee,2013-14,53,73,10.22,18.00,12.00,108.00,16.08571429,32.4,7,21.54285714,17.25714286,23.51428571,9.571428571,23.11428571,12.14285714,6.714285714,4.428571429,11.48571429,14.17142857,0.428,0.496,0.325,0.734
0,Oklahoma State,2013-14,77,85,8.60,17.00,9.00,83.00,19.38235294,37.79411765,7.029411765,19.29411765,20.38235294,28.35294118,12.52941176,24.14705882,17.5,4.705882353,3.264705882,11.38235294,17.88235294,0.463,0.513,0.364,0.719
0,Texas Southern,2013-14,69,81,11.71,16.00,4.00,41.00,18.82352941,36.79411765,6.382352941,17.73529412,19.20588235,26.76470588,10.58823529,24.29411765,12.67647059,7.058823529,4.970588235,15.55882353,20.61764706,0.462,0.512,0.36,0.718
2,Stanford,2013-14,63.3,64,9.73,15.00,3.00,82.00,19.11111111,38.30555556,5.777777778,15.86111111,17.11111111,24.36111111,8.694444444,20.41666667,10.41666667,5.944444444,3.027777778,12.16666667,16.91666667,0.459,0.499,0.364,0.702
3,Michigan,2013-14,70.3,62.8,11.28,14.00,4.00,39.00,16.91891892,32.10810811,8.621621622,21.45945946,14.24324324,18.67567568,8.864864865,22.56756757,14.18918919,7.108108108,3.72972973,11.56756757,19.67567568,0.477,0.527,0.402,0.763
1,Stephen F. Austin,2013-14,68.5,76,7.38,12.00,11.00,46.00,19.25714286,36.4,7.085714286,20.51428571,16.25714286,22.85714286,11.91428571,22.14285714,16.54285714,7.914285714,4.8,12.22857143,19.51428571,0.463,0.529,0.345,0.711
4,Wisconsin,2013-14,73.2,60.2,11.93,11.00,2.00,2.00,16.57894737,32.34210526,7.815789474,20.78947368,16.89473684,22.65789474,8.789473684,21.36842105,11.65789474,5.342105263,4.131578947,10.86842105,14.78947368,0.459,0.513,0.376,0.746
1,Mercer,2013-14,70.5,77,10.17,10.00,2.00,17.00,19.22222222,36.25,8.055555556,21,16.16666667,21.97222222,6.722222222,24.69444444,16.61111111,5.888888889,2.833333333,11.94444444,16.19444444,0.476,0.53,0.384,0.736
1,Kansas,2013-14,68.5,64.5,11.19,9.00,2.00,1.00,21.88571429,39.45714286,5.4,15.88571429,19,26.71428571,8.828571429,25.02857143,17.02857143,6.371428571,3.028571429,12.65714286,18.8,0.493,0.555,0.34,0.711
1,Creighton,2013-14,65.5,75.5,11.57,8.00,3.00,87.00,17.17142857,30.51428571,10.17142857,24.54285714,13.88571429,18.68571429,11.11428571,24.94285714,13,7.171428571,4.428571429,13.08571429,18.17142857,0.497,0.563,0.414,0.743
0,Duke,2013-14,71,78,14.12,7.00,3.00,6.00,17.51428571,34.82857143,9.028571429,22.88571429,16.31428571,22.37142857,8.142857143,20.2,13.05714286,6.685714286,2.828571429,10.6,16.05714286,0.46,0.503,0.395,0.729
1,Villanova,2013-14,69,65,14.57,6.00,2.00,80.00,16.64705882,30.94117647,8.941176471,25.14705882,17.85294118,24.94117647,14.61764706,19.05882353,14.52941176,11.05882353,2.823529412,13.14705882,24.14705882,0.456,0.538,0.356,0.716
1,Wichita State,2013-14,70,57.5,18.19,5.00,1.00,162.00,17.94444444,34.13888889,6.944444444,19.80555556,18.44444444,25.44444444,9.527777778,21.55555556,13.13888889,4.722222222,3,10.58333333,16.77777778,0.461,0.526,0.351,0.725
2,Virginia,2013-14,69,60,14.12,4.00,1.00,19.00,17.54054054,35.81081081,5.567567568,15.10810811,14.40540541,21.40540541,11.62162162,21.54054054,12.40540541,10.56756757,4.027027027,11.35135135,18.51351351,0.454,0.49,0.369,0.673
4,Florida,2013-14,64.4,56.6,21.36,3.00,1.00,30.00,17.69230769,34.48717949,6.538461538,18.23076923,14.92307692,22.33333333,10.23076923,24.23076923,15.02564103,7.128205128,3.820512821,10.61538462,15.56410256,0.46,0.513,0.359,0.668
0,Louisiana,2013-14,66,76,16.22,2.00,4.00,175.00,21.2,41.62857143,7.028571429,19.14285714,17.51428571,26.08571429,10.42857143,22.91428571,16.17142857,8.685714286,6.6,12.31428571,15.48571429,0.465,0.509,0.367,0.671
3,Arizona,2013-14,71.3,62,18.39,1.00,1.00,5.00,20.84210526,41.10526316,5.368421053,14.76315789,15.07894737,22.89473684,7.710526316,18.26315789,12.42105263,6.578947368,2.289473684,10.92105263,18.94736842,0.469,0.507,0.364,0.659
